"Time (s)","Gyroscope x (rad/s)","Gyroscope y (rad/s)","Gyroscope z (rad/s)","Absolute (rad/s)"
1.183695835E-2,-3.929234296E-2,8.973501623E-3,3.285311908E-2,5.199749398E-2
2.181195834E-2,5.517717078E-2,6.607016549E-3,1.091266703E-2,5.663266853E-2
3.178595833E-2,1.434877366E-1,-2.369547449E-2,-8.053370751E-3,1.456539146E-1
4.176095835E-2,2.342264354E-1,-8.961616457E-2,-2.486617118E-2,2.520146950E-1
5.173595835E-2,3.198763132E-1,-1.569608450E-1,-2.032184973E-2,3.568900954E-1
6.171095834E-2,3.924684823E-1,-1.445308179E-1,-1.832261682E-2,4.186363400E-1
7.168595833E-2,4.868105948E-1,-3.692959994E-2,-3.768109158E-2,4.896613271E-1
8.166095836E-2,5.586629510E-1,6.266383827E-2,-8.386136591E-2,5.683869968E-1
9.163595835E-2,5.846329927E-1,4.745855182E-2,-1.822557300E-1,6.142191803E-1
1.016109583E-1,5.662459731E-1,-8.041126281E-2,-3.152728975E-1,6.530677401E-1
1.115859583E-1,5.304580927E-1,-2.655996680E-1,-3.975362778E-1,7.141176821E-1
1.215609583E-1,4.990455806E-1,-4.405006468E-1,-4.331781864E-1,7.941855278E-1
1.315359584E-1,4.844552279E-1,-4.646945596E-1,-4.107718766E-1,7.870015477E-1
1.415109583E-1,5.110274553E-1,-2.651684284E-1,-3.245235384E-1,6.608924893E-1
1.514859583E-1,5.425901413E-1,2.451708540E-2,-1.641674191E-1,5.674117468E-1
1.614609583E-1,5.401791930E-1,2.484036982E-1,9.100505151E-3,5.946265862E-1
1.714359584E-1,4.837239981E-1,3.644172549E-1,1.633699685E-1,6.272787169E-1
1.814109584E-1,3.770260513E-1,4.023462534E-1,2.818433344E-1,6.192469751E-1
1.913859583E-1,2.304067910E-1,4.009510279E-1,3.549444675E-1,5.829533353E-1
2.013609583E-1,5.550661683E-2,3.590200841E-1,3.811688721E-1,5.265606465E-1
2.113359583E-1,-1.282437593E-1,2.848552167E-1,3.602852821E-1,4.768589318E-1
2.213109584E-1,-3.111400604E-1,1.862386167E-1,3.017428815E-1,4.717432841E-1
2.312859583E-1,-4.881682098E-1,9.215454757E-2,2.217938453E-1,5.440525448E-1
2.412609583E-1,-6.346412301E-1,8.698588610E-2,1.306575388E-1,6.537640459E-1
2.512359583E-1,-7.427007556E-1,1.978525072E-1,1.819305867E-2,7.688179332E-1
2.612109584E-1,-8.062190413E-1,3.959826231E-1,-1.098458692E-1,9.049074513E-1
2.711849583E-1,-8.194054365E-1,6.598086357E-1,-2.229669541E-1,1.075400841E0
2.811599583E-1,-7.920577526E-1,9.246956706E-1,-3.094309866E-1,1.256250414E0
2.911349583E-1,-7.284567952E-1,1.141865611E0,-3.608013391E-1,1.401671853E0
3.011099584E-1,-6.241136193E-1,1.289664626E0,-3.659936786E-1,1.478750834E0
3.110849583E-1,-4.791999161E-1,1.402213454E0,-3.297119737E-1,1.518072830E0
3.210599583E-1,-3.101978302E-1,1.508335590E0,-2.492173910E-1,1.559938542E0
3.310349583E-1,-1.187979355E-1,1.575444818E0,-1.376630664E-1,1.585903667E0
3.410099584E-1,7.191368937E-2,1.559479594E0,-6.739933044E-3,1.561151373E0
3.509849583E-1,2.431810498E-1,1.454321861E0,1.301436126E-1,1.480245405E0
3.609599583E-1,3.922983706E-1,1.305548787E0,2.491091341E-1,1.385788948E0
3.709349583E-1,5.146204233E-1,1.161769867E0,3.322983384E-1,1.313379454E0
3.809099583E-1,6.048755050E-1,1.028294802E0,3.718287051E-1,1.249608403E0
3.908849584E-1,6.562622190E-1,9.084183574E-1,3.621657491E-1,1.177738529E0
4.008599583E-1,6.644676924E-1,8.121232390E-1,3.076346219E-1,1.093480924E0
4.108349583E-1,6.350323558E-1,7.596977949E-1,2.087920010E-1,1.011929312E0
4.208099583E-1,5.707263350E-1,7.688816786E-1,8.041510731E-2,9.609236050E-1
4.307849584E-1,4.878730476E-1,8.276340365E-1,-6.117900088E-2,9.626739215E-1
4.407599584E-1,3.803830743E-1,9.165636301E-1,-1.981853247E-1,1.011957308E0
4.507349583E-1,2.614722550E-1,1.021275640E0,-3.163678050E-1,1.100663554E0
4.607099583E-1,1.327957660E-1,1.118742347E0,-4.028179944E-1,1.196445356E0
4.706849583E-1,8.570412174E-3,1.204743743E0,-4.536342025E-1,1.287348021E0
4.806599584E-1,-1.079868227E-1,1.261078835E0,-4.569855034E-1,1.345665906E0
4.906349583E-1,-2.067766786E-1,1.277150631E0,-4.095803499E-1,1.357065360E0
5.006099583E-1,-3.033839166E-1,1.238552094E0,-3.219093382E-1,1.315172502E0
5.105839584E-1,-3.730216324E-1,1.146852732E0,-1.968120933E-1,1.221945713E0
5.205589583E-1,-4.251410067E-1,1.020930767E0,-5.849150568E-2,1.107459147E0
5.305339583E-1,-4.504217803E-1,8.731494546E-1,8.493889123E-2,9.861462191E-1
5.405089583E-1,-4.607684314E-1,7.172493339E-1,2.146867663E-1,8.791157841E-1
5.504839583E-1,-4.520233274E-1,5.614916086E-1,3.166010082E-1,7.872954423E-1
5.604589584E-1,-4.236939549E-1,4.261801243E-1,3.822939992E-1,7.122462830E-1
5.704339583E-1,-3.791545331E-1,3.197130859E-1,4.050474465E-1,6.403421361E-1
5.804089583E-1,-3.257863820E-1,2.455816120E-1,3.905963302E-1,5.648119935E-1
5.903839583E-1,-2.669231594E-1,1.984176785E-1,3.346515596E-1,4.718148095E-1
6.003589584E-1,-1.977640837E-1,1.810972691E-1,2.470580637E-1,3.646156066E-1
6.103339583E-1,-1.359068304E-1,1.836746186E-1,1.385905594E-1,2.672346819E-1
6.203089583E-1,-7.074859738E-2,1.989955157E-1,1.409524027E-2,2.116677942E-1
6.302839583E-1,-5.205526948E-3,2.301591933E-1,-1.138647422E-1,2.568375582E-1
6.402589583E-1,6.673604250E-2,2.632505596E-1,-2.333789021E-1,3.580785786E-1
6.502339584E-1,1.199556813E-1,2.739179730E-1,-3.308796287E-1,4.459840245E-1
6.602089583E-1,1.529693007E-1,2.329111546E-1,-3.939608634E-1,4.825477953E-1
6.701839583E-1,1.777022183E-1,1.451157629E-1,-3.942443132E-1,4.561416902E-1
6.801589583E-1,1.989534497E-1,4.397397488E-2,-3.523546457E-1,4.070257756E-1
6.901339584E-1,2.068860531E-1,-7.244236767E-2,-2.771290541E-1,3.533415461E-1
7.001089584E-1,1.963375509E-1,-2.024621516E-1,-1.805143505E-1,3.348503957E-1
7.100839583E-1,1.684073061E-1,-3.513307869E-1,-8.150499314E-2,3.980419658E-1
7.200589583E-1,1.240025610E-1,-4.840494096E-1,1.661491767E-2,4.999565197E-1
7.300339583E-1,7.360921800E-2,-5.849016309E-1,1.080047935E-1,5.993273481E-1
7.400089584E-1,9.105596691E-3,-6.687403321E-1,2.093982548E-1,7.008167898E-1
7.499839583E-1,-6.660074741E-2,-7.481693625E-1,3.093305230E-1,8.123290141E-1
7.599579583E-1,-1.444151103E-1,-7.923303843E-1,3.807719350E-1,8.908593763E-1
7.699329584E-1,-2.218963206E-1,-7.761886716E-1,3.995462656E-1,9.007463846E-1
7.799079583E-1,-2.970616519E-1,-7.236825824E-1,3.653925657E-1,8.634082651E-1
7.898829583E-1,-3.735457659E-1,-6.785032749E-1,2.875148058E-1,8.261766741E-1
7.998579583E-1,-4.464681745E-1,-6.546226740E-1,2.018539608E-1,8.176855738E-1
8.098329583E-1,-4.969615042E-1,-6.300500631E-1,1.194075048E-1,8.112903124E-1
8.198079584E-1,-5.196564198E-1,-5.892035365E-1,2.846242115E-2,7.861384811E-1
8.297829583E-1,-5.168231726E-1,-5.731016994E-1,-5.162513629E-2,7.734448294E-1
8.397579583E-1,-4.979012012E-1,-6.065188050E-1,-1.253217310E-1,7.946547699E-1
8.497329583E-1,-4.682433903E-1,-6.849982738E-1,-1.858236045E-1,8.502969597E-1
8.597079584E-1,-4.154797792E-1,-7.634012103E-1,-2.345304340E-1,9.002274042E-1
8.696829583E-1,-3.312443495E-1,-8.572314978E-1,-2.382723242E-1,9.493905204E-1
8.796579583E-1,-2.322352231E-1,-9.747525454E-1,-2.005616874E-1,1.021910326E0
8.896329583E-1,-1.184581146E-1,-1.086741805E0,-1.358676702E-1,1.101589806E0
8.996079583E-1,7.482237183E-3,-1.156510234E0,-6.500655413E-2,1.158359943E0
9.095829584E-1,1.383297592E-1,-1.175024986E0,-1.070955023E-2,1.183187870E0
9.195579583E-1,2.576846778E-1,-1.168086648E0,2.745620906E-2,1.196487214E0
9.295329583E-1,3.498812318E-1,-1.143366814E0,5.052787811E-2,1.196769658E0
9.395079583E-1,4.238491952E-1,-1.092190504E0,6.860514730E-2,1.173556519E0
9.494829584E-1,4.851813614E-1,-1.011685848E0,8.021625131E-2,1.124875040E0
9.594579583E-1,5.172902346E-1,-9.214282632E-1,8.441366255E-2,1.060068346E0
9.694329583E-1,5.192707777E-1,-8.523074985E-1,8.027066290E-2,1.001256007E0
9.794079583E-1,4.845884144E-1,-8.168011904E-1,6.301897019E-2,9.518201020E-1
9.893829583E-1,4.163787961E-1,-7.918634415E-1,2.341140062E-2,8.949676561E-1
9.993569583E-1,3.282921016E-1,-7.822744846E-1,-2.494308352E-2,8.487350769E-1
1.009331958E0,2.180298120E-1,-8.061959147E-1,-6.098454073E-2,8.373816132E-1
1.019306958E0,1.021127999E-1,-8.675410151E-1,-7.919550687E-2,8.771125157E-1
1.029281958E0,-2.158268169E-2,-9.361119866E-1,-7.795021683E-2,9.395997552E-1
1.039256958E0,-1.312431395E-1,-9.900990725E-1,-6.137283519E-2,1.000643573E0
1.049231958E0,-2.331478298E-1,-1.022347927E0,-3.615444526E-2,1.049218918E0
1.059206958E0,-3.194617033E-1,-1.042855620E0,-3.506753128E-3,1.090695155E0
1.069181958E0,-3.908623755E-1,-1.036556721E0,2.708224393E-2,1.108132068E0
1.079156958E0,-4.341901541E-1,-9.925975800E-1,6.024898589E-2,1.085081096E0
1.089131958E0,-4.523846209E-1,-9.062262774E-1,9.099652618E-2,1.016945563E0
1.099106958E0,-4.428877831E-1,-8.011150360E-1,1.183951274E-1,9.230126194E-1
1.109081958E0,-4.084820151E-1,-6.913500428E-1,1.401427090E-1,8.151456418E-1
1.119056958E0,-3.516168892E-1,-5.756969452E-1,1.465106010E-1,6.903091812E-1
1.129031958E0,-2.801403999E-1,-4.552100599E-1,1.362539679E-1,5.515976668E-1
1.139006958E0,-1.986026466E-1,-3.584688604E-1,1.129843295E-1,4.250980990E-1
1.148981958E0,-1.101632640E-1,-2.980968356E-1,7.466758788E-2,3.264550763E-1
1.158956958E0,-2.321717702E-2,-2.603622377E-1,3.131478280E-2,2.632644065E-1
1.168931958E0,6.418889761E-2,-2.470831275E-1,-1.757255942E-2,2.558888065E-1
1.178906958E0,1.473514289E-1,-2.535953522E-1,-6.053920090E-2,2.994796171E-1
1.188881958E0,2.176127583E-1,-2.774242163E-1,-9.668528289E-2,3.656057334E-1
1.198856958E0,2.825587392E-1,-3.107856512E-1,-1.228324696E-1,4.376242426E-1
1.208831958E0,3.336450458E-1,-3.410755098E-1,-1.373836398E-1,4.965136296E-1
1.218806958E0,3.581882119E-1,-3.540182114E-1,-1.451400965E-1,5.241119506E-1
1.228781958E0,3.734733760E-1,-3.486567140E-1,-1.421893835E-1,5.303411049E-1
1.238755958E0,3.675347865E-1,-3.164971769E-1,-1.265108138E-1,5.012556915E-1
1.248730958E0,3.499588370E-1,-2.492196709E-1,-1.002273411E-1,4.411656739E-1
1.258705958E0,3.146980703E-1,-1.539163291E-1,-6.437452883E-2,3.561870180E-1
1.268680958E0,2.694125175E-1,-3.776776046E-2,-2.627374977E-2,2.733126749E-1
1.278655958E0,2.067536712E-1,9.280942380E-2,1.985752769E-2,2.274972332E-1
1.288630958E0,1.388626695E-1,2.279461026E-1,5.752876028E-2,2.730418007E-1
1.298605958E0,5.557629839E-2,3.514254391E-1,8.951465040E-2,3.668806847E-1
1.308580208E0,-2.707449906E-2,4.681641161E-1,1.116833985E-1,4.820620807E-1
1.318555208E0,-1.128085777E-1,5.512329340E-1,1.204507947E-1,5.754058713E-1
1.328530208E0,-1.934340447E-1,5.978329182E-1,1.184450835E-1,6.394139235E-1
1.338505208E0,-2.640720010E-1,6.213217378E-1,1.128428578E-1,6.844766133E-1
1.348480208E0,-3.214741647E-1,6.238955855E-1,9.392368793E-2,7.081052177E-1
1.358455208E0,-3.651260436E-1,6.042129397E-1,6.925642490E-2,7.093565793E-1
1.368430208E0,-3.898287416E-1,5.693915486E-1,4.313162714E-2,6.913996823E-1
1.378405208E0,-3.950437307E-1,5.330082774E-1,1.437029056E-2,6.635991849E-1
1.388380208E0,-3.733783364E-1,5.141925812E-1,-1.522280462E-2,6.356391480E-1
1.398355208E0,-3.310985267E-1,5.158442855E-1,-3.923093528E-2,6.142154569E-1
1.408330208E0,-2.744626105E-1,5.344774723E-1,-5.433328450E-2,6.032810280E-1
1.418305208E0,-1.956101507E-1,5.786481500E-1,-5.980741233E-2,6.137376794E-1
1.428280208E0,-1.027625203E-1,6.470424533E-1,-6.146732718E-2,6.580291059E-1
1.438255208E0,-7.573952433E-3,7.352734804E-1,-5.969525874E-2,7.377316448E-1
1.448230208E0,8.941198140E-2,8.294839263E-1,-5.095490813E-2,8.358435793E-1
1.458205208E0,1.790710390E-1,9.199872017E-1,-3.931103647E-2,9.380768870E-1
1.468179208E0,2.599351406E-1,9.987003207E-1,-2.558799461E-2,1.032290344E0
1.478154208E0,3.219441772E-1,1.057967067E0,-1.275049336E-2,1.105940750E0
1.488129208E0,3.679101467E-1,1.091423035E0,-4.242483061E-3,1.151772597E0
1.498104208E0,3.891440630E-1,1.096768260E0,8.446414024E-3,1.163789096E0
1.508079208E0,3.865505159E-1,1.068873525E0,8.412740193E-3,1.136654163E0
1.518054208E0,3.602733910E-1,1.021641850E0,8.422327228E-3,1.083337400E0
1.528029208E0,3.123268783E-1,9.666351676E-1,-6.783143617E-3,1.015863001E0
1.538004208E0,2.459318787E-1,8.984500170E-1,-2.125156485E-2,9.317438226E-1
1.547979208E0,1.653487384E-1,8.423606753E-1,-3.886800632E-2,8.593150962E-1
1.557954208E0,8.512552828E-2,7.923930883E-1,-5.176116526E-2,7.986315673E-1
1.567929208E0,5.003998056E-3,7.711569667E-1,-6.550045311E-2,7.739498799E-1
1.577904208E0,-7.790579647E-2,7.639049292E-1,-6.990799308E-2,7.710429180E-1
1.587879208E0,-1.526364237E-1,7.867575884E-1,-7.290747017E-2,8.047365283E-1
1.597854208E0,-2.175136954E-1,8.239779472E-1,-6.656435132E-2,8.547997883E-1
1.607829208E0,-2.628411055E-1,8.727045059E-1,-5.149009451E-2,9.128799654E-1
1.617804208E0,-2.935431004E-1,9.197878838E-1,-3.649969399E-2,9.661829695E-1
1.627779208E0,-3.068528473E-1,9.616602659E-1,-1.005536504E-2,1.009480187E0
1.637754208E0,-3.054525554E-1,9.851861000E-1,1.795309968E-2,1.031608079E0
1.647729208E0,-2.875584066E-1,9.854129553E-1,4.382053763E-2,1.027447697E0
1.657704208E0,-2.542638481E-1,9.608737826E-1,6.407946348E-2,9.960093916E-1
1.667679208E0,-2.068479955E-1,9.101152420E-1,7.969672233E-2,9.367216313E-1
1.677654208E0,-1.549480557E-1,8.406618237E-1,8.649017662E-2,8.591866808E-1
1.687629208E0,-9.692241251E-2,7.457640767E-1,8.731379360E-2,7.570876506E-1
1.697604208E0,-3.269389272E-2,6.513741612E-1,7.697806507E-2,6.567212583E-1
1.707578208E0,2.967913635E-2,5.549224615E-1,5.973979458E-2,5.589173754E-1
1.717553208E0,9.071559459E-2,4.653468132E-1,3.281656653E-2,4.752408891E-1
1.727528208E0,1.442255378E-1,3.921872973E-1,6.558555178E-3,4.179173322E-1
1.737503208E0,1.935065389E-1,3.317551017E-1,-2.598687075E-2,3.849435615E-1
1.747478208E0,2.365354747E-1,2.935317755E-1,-5.719481036E-2,3.812888411E-1
1.757453208E0,2.617814243E-1,2.688037753E-1,-8.334411681E-2,3.843581995E-1
1.767428208E0,2.788801491E-1,2.612076104E-1,-1.027208567E-1,3.956704787E-1
1.777403208E0,2.831284106E-1,2.564056814E-1,-1.065997481E-1,3.965716538E-1
1.787378208E0,2.755587101E-1,2.499326617E-1,-1.048263013E-1,3.865067807E-1
1.797353208E0,2.518986464E-1,2.422039062E-1,-9.400188178E-2,3.618729252E-1
1.807328208E0,2.131284922E-1,2.260250747E-1,-6.869554520E-2,3.181668847E-1
1.817303208E0,1.670137346E-1,1.883698404E-1,-4.259976372E-2,2.553263092E-1
1.827278208E0,1.146866605E-1,1.423732340E-1,-5.142474081E-3,1.828923533E-1
1.837253208E0,4.873560742E-2,8.215729147E-2,2.567669377E-2,9.891548198E-2
1.847228208E0,-1.389462221E-2,1.025521196E-4,5.776186660E-2,5.940963118E-2
1.857203208E0,-8.072105795E-2,-8.543285728E-2,8.354260027E-2,1.442013466E-1
1.867178208E0,-1.400833875E-1,-1.714850664E-1,9.937632829E-2,2.427058674E-1
1.877153208E0,-1.950837970E-1,-2.602271736E-1,1.120833308E-1,3.440036958E-1
1.887128208E0,-2.428288907E-1,-3.369127214E-1,1.130715683E-1,4.304198317E-1
1.897103208E0,-2.755330503E-1,-4.031681716E-1,1.024868339E-1,4.989655174E-1
1.907078208E0,-2.926749885E-1,-4.525742233E-1,8.455185592E-2,5.455557651E-1
1.917053208E0,-2.952132523E-1,-4.876536429E-1,6.132350489E-2,5.733389155E-1
1.927027208E0,-2.794169784E-1,-5.060682893E-1,3.418937698E-2,5.790922851E-1
1.937002208E0,-2.476979345E-1,-5.142223835E-1,6.827261299E-3,5.708112980E-1
1.946977208E0,-2.054091543E-1,-5.186803937E-1,-1.639002562E-2,5.581137020E-1
1.956952208E0,-1.512745470E-1,-5.213035941E-1,-3.414132446E-2,5.438814722E-1
1.966927208E0,-8.935915679E-2,-5.320330858E-1,-4.738936946E-2,5.415625685E-1
1.976902208E0,-1.948580332E-2,-5.561530590E-1,-5.266376212E-2,5.589806736E-1
1.986877208E0,4.511436820E-2,-5.890437961E-1,-5.509304255E-2,5.933322368E-1
1.996852208E0,1.123679727E-1,-6.342999339E-1,-4.787667841E-2,6.459528960E-1
2.006827208E0,1.673822403E-1,-6.880983114E-1,-3.559007496E-2,7.090576521E-1
2.016802208E0,2.159729451E-1,-7.538126111E-1,-2.360105515E-2,7.844965108E-1
2.026777208E0,2.547211051E-1,-8.152920008E-1,-8.561070077E-3,8.541997306E-1
2.036752208E0,2.742447257E-1,-8.734943271E-1,5.924129859E-3,9.155531685E-1
2.046727208E0,2.792456448E-1,-9.276621938E-1,1.174708270E-2,9.688515211E-1
2.056702208E0,2.685895264E-1,-9.696671367E-1,1.701108553E-2,1.006322049E0
2.066677208E0,2.438831776E-1,-9.861832857E-1,1.011599135E-2,1.015942326E0
2.076652208E0,2.056108862E-1,-9.918107986E-1,5.237080157E-3,1.012912594E0
2.086627208E0,1.561593413E-1,-9.835574031E-1,1.390571706E-3,9.958779236E-1
2.096602208E0,1.013701260E-1,-9.639037848E-1,-7.320361678E-3,9.692471287E-1
2.106577208E0,3.608801216E-2,-9.373078942E-1,-1.689421386E-2,9.381544903E-1
2.116552208E0,-2.348530479E-2,-9.068157673E-1,-2.074381337E-2,9.073569866E-1
2.126527208E0,-8.861400932E-2,-8.759244680E-1,-1.694769040E-2,8.805585390E-1
2.136502208E0,-1.411238164E-1,-8.548833132E-1,-1.372739673E-2,8.665620879E-1
2.146477208E0,-1.888226271E-1,-8.400092721E-1,-5.478939041E-3,8.609875612E-1
2.156452208E0,-2.270845324E-1,-8.363085389E-1,7.532733493E-3,8.666233895E-1
2.166426208E0,-2.517478168E-1,-8.396979570E-1,2.493143082E-2,8.769784482E-1
2.176401208E0,-2.624973953E-1,-8.505833745E-1,3.889944404E-2,8.910163445E-1
2.186376208E0,-2.585377693E-1,-8.653772473E-1,5.505560711E-2,9.048484283E-1
2.196351208E0,-2.386980206E-1,-8.802406192E-1,6.409198046E-2,9.142800854E-1
2.206326208E0,-2.101846784E-1,-8.858985305E-1,7.092240453E-2,9.132490311E-1
2.216301208E0,-1.689962298E-1,-8.822363615E-1,6.830877811E-2,9.008700308E-1
2.226276208E0,-1.164553612E-1,-8.655893207E-1,6.307306141E-2,8.756625687E-1
2.236251208E0,-6.027651578E-2,-8.353602886E-1,4.848878458E-2,8.389345817E-1
2.246226208E0,-4.139744677E-3,-7.943896651E-1,2.900228277E-2,7.949296887E-1
2.256201208E0,5.475020409E-2,-7.377079725E-1,7.061566226E-3,7.397705748E-1
2.266176208E0,1.081105024E-1,-6.839722991E-1,-2.166243643E-2,6.928024594E-1
2.276151208E0,1.597968638E-1,-6.227829456E-1,-4.597283527E-2,6.445984305E-1
2.286126208E0,1.975183785E-1,-5.641348362E-1,-6.484408677E-2,6.012207405E-1
2.296101208E0,2.237726152E-1,-5.088627934E-1,-7.814550400E-2,5.613575025E-1
2.306076208E0,2.380175292E-1,-4.636100829E-1,-8.519544452E-2,5.280576833E-1
2.316055375E0,2.414586097E-1,-4.288222790E-1,-8.276104927E-2,4.990392754E-1
2.326030375E0,2.296760827E-1,-3.958302140E-1,-7.489316911E-2,4.637258329E-1
2.336005375E0,2.034226358E-1,-3.717560470E-1,-5.858450010E-2,4.278030749E-1
2.345980375E0,1.713684797E-1,-3.494913280E-1,-3.682913259E-2,3.909830293E-1
2.355955375E0,1.264779717E-1,-3.233579993E-1,-1.656673849E-2,3.476082995E-1
2.365930375E0,7.942372561E-2,-2.970218360E-1,8.199988864E-3,3.075668043E-1
2.375905375E0,2.773736604E-2,-2.566453815E-1,2.997931838E-2,2.598749177E-1
2.385879375E0,-2.777970210E-2,-2.109246999E-1,5.229769647E-2,2.190798711E-1
2.395854375E0,-7.732221484E-2,-1.539996415E-1,6.815788895E-2,1.853108532E-1
2.405829375E0,-1.260675788E-1,-8.882919699E-2,7.360021025E-2,1.708819815E-1
2.415804375E0,-1.669391096E-1,-1.764823310E-2,7.693901658E-2,1.846611456E-1
2.425779375E0,-1.974158138E-1,5.261996761E-2,7.563940436E-2,2.178604692E-1
2.435754375E0,-2.215624303E-1,1.276369542E-1,6.539768726E-2,2.639279449E-1
2.445729375E0,-2.307690233E-1,2.032873482E-1,5.446841940E-2,3.123249858E-1
2.455704375E0,-2.271324694E-1,2.655576468E-1,3.754402697E-2,3.514535195E-1
2.465679375E0,-2.125761211E-1,3.182154298E-1,2.166059613E-2,3.832999458E-1
2.475654375E0,-1.895728111E-1,3.609993756E-1,7.508292794E-3,4.078170844E-1
2.485629375E0,-1.499058604E-1,3.960986137E-1,-5.212489050E-3,4.235481659E-1
2.495604375E0,-1.068217829E-1,4.250293076E-1,-1.205734536E-2,4.384132585E-1
2.505579375E0,-5.859093741E-2,4.417299330E-1,-1.697474718E-2,4.459219368E-1
2.515554375E0,-8.467583917E-3,4.557722509E-1,-2.202623151E-2,4.563827336E-1
2.525529375E0,4.413666204E-2,4.728254974E-1,-1.791494898E-2,4.752188352E-1
2.535504375E0,9.167994559E-2,4.942460954E-1,-1.781428233E-2,5.029928070E-1
2.545479375E0,1.383888721E-1,5.210207701E-1,-1.405271329E-2,5.392695073E-1
2.555454375E0,1.747727096E-1,5.565862060E-1,-1.112350263E-2,5.834873066E-1
2.565429375E0,2.046187371E-1,6.001044512E-1,-1.143824868E-2,6.341332773E-1
2.575404375E0,2.219993174E-1,6.483484507E-1,-1.581328921E-2,6.854848434E-1
2.585379375E0,2.251730561E-1,6.990366578E-1,-1.661178283E-2,7.345958790E-1
2.595354375E0,2.167049944E-1,7.524148822E-1,-2.234716713E-2,7.833189679E-1
2.605329375E0,1.974513233E-1,8.018654585E-1,-3.102361411E-2,8.264004497E-1
2.615303375E0,1.645043045E-1,8.439484835E-1,-3.460503370E-2,8.605278713E-1
2.625278375E0,1.244145110E-1,8.744668365E-1,-4.205660522E-2,8.842737001E-1
2.635253375E0,7.658813894E-2,8.907976151E-1,-4.466783255E-2,8.951990557E-1
2.645228375E0,2.373366803E-2,9.025927186E-1,-4.590706155E-2,9.040709933E-1
2.655203375E0,-2.507302165E-2,9.002912045E-1,-4.610759765E-2,9.018197269E-1
2.665178375E0,-7.790064067E-2,8.935650587E-1,-4.050563276E-2,8.978684370E-1
2.675153375E0,-1.231032759E-1,8.822090626E-1,-2.826121822E-2,8.912047706E-1
2.685128375E0,-1.618044972E-1,8.685436845E-1,-2.066588774E-2,8.837284120E-1
2.695103375E0,-1.876100004E-1,8.558675647E-1,-9.354109876E-3,8.762387231E-1
2.705078375E0,-2.057817131E-1,8.493862748E-1,6.140266545E-3,8.739798969E-1
2.715053375E0,-2.084496617E-1,8.476959467E-1,1.955700666E-2,8.731678854E-1
2.725028375E0,-2.017122656E-1,8.540039062E-1,2.908746526E-2,8.779843909E-1
2.735003375E0,-1.821023524E-1,8.613808751E-1,3.675363958E-2,8.811861942E-1
2.744978375E0,-1.534137428E-1,8.733206987E-1,4.051657766E-2,8.876183934E-1
2.754953375E0,-1.157001704E-1,8.868636489E-1,4.061404616E-2,8.953005986E-1
2.764928375E0,-7.181189209E-2,8.980465531E-1,3.564351425E-2,9.016180009E-1
2.774903375E0,-2.146616019E-2,8.999153376E-1,2.546384931E-2,9.005314089E-1
2.784878375E0,2.377480641E-2,8.896643519E-1,1.157002617E-2,8.900571701E-1
2.794853375E0,6.767568737E-2,8.713220954E-1,-2.823294606E-3,8.739508931E-1
2.804828375E0,1.051519662E-1,8.388599753E-1,-1.793715730E-2,8.456150045E-1
2.814803375E0,1.385320276E-1,7.973766923E-1,-2.985320613E-2,8.098715491E-1
2.824778375E0,1.681124419E-1,7.444495559E-1,-4.579792172E-2,7.645681029E-1
2.834752375E0,1.867833287E-1,6.871454716E-1,-5.361429974E-2,7.140948145E-1
2.844727375E0,1.944272816E-1,6.254132986E-1,-5.825706571E-2,6.575238761E-1
2.854702375E0,1.879153252E-1,5.714371800E-1,-6.131224334E-2,6.046584254E-1
2.864677375E0,1.803059578E-1,5.191584229E-1,-5.832643062E-2,5.526641648E-1
2.874652375E0,1.589726955E-1,4.762288332E-1,-5.225016177E-2,5.047735125E-1
2.884627375E0,1.325271428E-1,4.434779584E-1,-4.049998894E-2,4.646250018E-1
2.894602375E0,9.897635877E-2,4.216014445E-1,-2.851177007E-2,4.340011735E-1
2.904577375E0,6.032095850E-2,3.996655345E-1,-1.346800290E-2,4.044163011E-1
2.914552375E0,1.910960488E-2,3.871143162E-1,-8.135754615E-5,3.875857034E-1
2.924527375E0,-1.902802102E-2,3.658065200E-1,1.319317333E-2,3.665385866E-1
2.934502375E0,-5.947504565E-2,3.426330388E-1,2.672735788E-2,3.487822128E-1
2.944477375E0,-9.789985418E-2,3.174773455E-1,3.500527516E-2,3.340682799E-1
2.954452375E0,-1.272689253E-1,2.783184946E-1,4.381288216E-2,3.091571322E-1
2.964427375E0,-1.517610997E-1,2.330803126E-1,4.768680409E-2,2.821912380E-1
2.974402375E0,-1.661536247E-1,1.704049408E-1,5.196730420E-2,2.436092600E-1
2.984377375E0,-1.738562435E-1,1.089461222E-1,4.843126237E-2,2.108099574E-1
2.994352375E0,-1.761196554E-1,3.512489796E-2,4.826029018E-2,1.859595307E-1
3.004327375E0,-1.621707976E-1,-3.532219678E-2,4.374508560E-2,1.716410723E-1
3.014302375E0,-1.442330778E-1,-1.023137495E-1,3.573749959E-2,1.804118980E-1
3.024277375E0,-1.176213026E-1,-1.693755239E-1,2.726470493E-2,2.080052958E-1
3.034252375E0,-8.493659645E-2,-2.264465243E-1,1.919532754E-2,2.426122717E-1
3.044227375E0,-4.902699217E-2,-2.756359279E-1,9.423569776E-3,2.801207140E-1
3.054201375E0,-5.992974155E-3,-3.207221627E-1,1.246334054E-3,3.207805710E-1
3.064176375E0,3.443637863E-2,-3.537172377E-1,-6.864054129E-3,3.554558533E-1
3.074151375E0,6.859674305E-2,-3.817579448E-1,-1.136266626E-2,3.880383380E-1
3.084126375E0,1.046973839E-1,-4.076582789E-1,-1.906543225E-2,4.213197186E-1
3.094101375E0,1.336592585E-1,-4.298770130E-1,-2.221515030E-2,4.507244797E-1
3.104076375E0,1.538029164E-1,-4.515421689E-1,-2.373043075E-2,4.776073709E-1
3.114051375E0,1.668223143E-1,-4.812337458E-1,-2.367610112E-2,5.098785742E-1
3.124026375E0,1.655722708E-1,-5.149013996E-1,-2.317426726E-2,5.413637177E-1
3.134001375E0,1.592150331E-1,-5.509757996E-1,-1.826153323E-2,5.738094127E-1
3.143976375E0,1.452976614E-1,-5.958982706E-1,-1.351718977E-2,6.135053983E-1
3.153951375E0,1.192751154E-1,-6.420396566E-1,-1.005747728E-2,6.531023095E-1
3.163926375E0,8.745586127E-2,-6.905742288E-1,-4.633096978E-4,6.960901578E-1
3.173901375E0,5.268243328E-2,-7.383300662E-1,3.736228682E-3,7.402166472E-1
3.183876375E0,9.075518698E-3,-7.778845429E-1,7.983762771E-3,7.779784494E-1
3.193851375E0,-2.702842467E-2,-8.182482123E-1,1.458387636E-2,8.188243781E-1
3.203826375E0,-6.252134591E-2,-8.423395157E-1,1.957662404E-2,8.448834373E-1
3.213801375E0,-9.843940288E-2,-8.618000150E-1,1.998888329E-2,8.676342186E-1
3.223776375E0,-1.268098950E-1,-8.661639690E-1,2.542310208E-2,8.757665813E-1
3.233751375E0,-1.432509124E-1,-8.691077828E-1,3.038616851E-2,8.813583161E-1
3.243726375E0,-1.563223302E-1,-8.610286713E-1,3.092679009E-2,8.756503355E-1
3.253701375E0,-1.590675265E-1,-8.487741351E-1,3.211216629E-2,8.641476735E-1
3.263676375E0,-1.526824385E-1,-8.373780847E-1,2.928793058E-2,8.516875992E-1
3.273650375E0,-1.355665773E-1,-8.307915330E-1,2.812252939E-2,8.422492178E-1
3.283625375E0,-1.155498773E-1,-8.253591061E-1,2.283371240E-2,8.337210604E-1
3.293600375E0,-9.297266603E-2,-8.254347444E-1,1.969331130E-2,8.308876340E-1
3.303575375E0,-5.844001472E-2,-8.320218921E-1,1.368926652E-2,8.341840686E-1
3.313550625E0,-2.525276877E-2,-8.396699429E-1,6.283814088E-3,8.400730930E-1
3.323525625E0,8.371926844E-3,-8.534460068E-1,-1.556635834E-3,8.534884878E-1
3.333500625E0,4.304655269E-2,-8.624826074E-1,-9.978882968E-3,8.636138210E-1
3.343475625E0,7.538805157E-2,-8.656306863E-1,-1.967756823E-2,8.691300536E-1
3.353450625E0,9.885742515E-2,-8.665950298E-1,-2.649046853E-2,8.726176031E-1
3.363425625E0,1.194784716E-1,-8.606323004E-1,-3.275621682E-2,8.695033245E-1
3.373400625E0,1.328653842E-1,-8.426895142E-1,-3.662525490E-2,8.538853769E-1
3.383375625E0,1.402966380E-1,-8.184859157E-1,-3.833217546E-2,8.313072215E-1
3.393350625E0,1.400857270E-1,-7.800064087E-1,-4.012608156E-2,7.935011726E-1
3.403325625E0,1.335037351E-1,-7.396860719E-1,-3.742633015E-2,7.525685765E-1
3.413300625E0,1.146799773E-1,-6.957145929E-1,-3.035457060E-2,7.057561137E-1
3.423275625E0,9.499637783E-2,-6.448088884E-1,-2.525222488E-2,6.522579929E-1
3.433250625E0,7.095149904E-2,-6.006352901E-1,-1.237477548E-2,6.049380151E-1
3.443225625E0,4.152428731E-2,-5.541031957E-1,-2.309777774E-3,5.556617253E-1
3.453200625E0,9.126666002E-3,-5.138319731E-1,1.229846012E-2,5.140601567E-1
3.463175625E0,-2.543187328E-2,-4.759309888E-1,2.558368817E-2,4.772961464E-1
3.473150625E0,-5.438921973E-2,-4.460308850E-1,3.362457082E-2,4.505911110E-1
3.483125625E0,-8.237671107E-2,-4.141628146E-1,4.577454552E-2,4.247494185E-1
3.493100625E0,-1.064367741E-1,-3.863908350E-1,5.115173385E-2,4.040336176E-1
3.503074625E0,-1.232960224E-1,-3.550158739E-1,5.721298605E-2,3.801466896E-1
3.513049625E0,-1.371644288E-1,-3.245213330E-1,5.288295075E-2,3.562650454E-1
3.523024625E0,-1.380741596E-1,-2.876246274E-1,4.896327481E-2,3.227844514E-1
3.532999625E0,-1.351505369E-1,-2.448585182E-1,4.367583618E-2,2.830705570E-1
3.542974625E0,-1.240589917E-1,-1.955754906E-1,3.401825950E-2,2.340889744E-1
3.552949625E0,-1.083505973E-1,-1.432603598E-1,2.289716527E-2,1.810736392E-1
3.562924625E0,-8.167201281E-2,-8.647961915E-2,1.437142398E-2,1.198147738E-1
3.572899625E0,-5.333278328E-2,-2.637819946E-2,1.566678286E-3,5.952016179E-2
3.582874625E0,-2.301325463E-2,3.284964338E-2,-8.240364492E-3,4.094645975E-2
3.592849625E0,7.336661220E-3,9.101121128E-2,-1.442022994E-2,9.243814260E-2
3.602824625E0,4.284385592E-2,1.459235251E-1,-2.129540220E-2,1.535668106E-1
3.612799625E0,7.130078971E-2,1.940151602E-1,-2.347866260E-2,2.080310857E-1
3.622774625E0,9.267476201E-2,2.384941578E-1,-2.306449041E-2,2.569047402E-1
3.632749625E0,1.127265021E-1,2.752012908E-1,-2.238272130E-2,2.982348085E-1
3.642724625E0,1.231391355E-1,3.113008142E-1,-2.102391422E-2,3.354302440E-1
3.652699625E0,1.322002858E-1,3.383494914E-1,-1.851148903E-2,3.637306271E-1
3.662674625E0,1.307169497E-1,3.685504198E-1,-1.079930179E-2,3.911942712E-1
3.672649625E0,1.195452586E-1,4.016804099E-1,-1.055908483E-2,4.192251362E-1
3.682624625E0,1.071177125E-1,4.297060370E-1,-6.303621456E-3,4.429009124E-1
3.692599625E0,8.130156249E-2,4.668273330E-1,-6.161941681E-3,4.738941574E-1
3.702573625E0,6.072190404E-2,5.054290891E-1,-6.286735646E-3,5.091023834E-1
3.712548625E0,3.002524376E-2,5.455384254E-1,-3.452599980E-3,5.463749714E-1
3.722523625E0,8.962443098E-5,5.917968154E-1,-5.502276588E-3,5.918224005E-1
3.732498625E0,-3.030716255E-2,6.370697618E-1,-4.767776933E-3,6.378080723E-1
3.742473625E0,-5.695159733E-2,6.781908870E-1,-5.212765653E-3,6.805979258E-1
3.752448625E0,-7.767311484E-2,7.179883718E-1,-6.693749689E-3,7.222085718E-1
3.762423625E0,-9.981700778E-2,7.522678375E-1,-7.685288787E-3,7.589001239E-1
3.772398625E0,-1.130065769E-1,7.787904739E-1,-4.896160215E-3,7.869619185E-1
3.782373625E0,-1.202287748E-1,8.021664023E-1,-2.370867413E-3,8.111297778E-1
3.792348625E0,-1.199145168E-1,8.136968017E-1,2.311502583E-3,8.224884920E-1
3.802323625E0,-1.158674434E-1,8.202848434E-1,4.365161061E-3,8.284392213E-1
3.812298625E0,-1.045974791E-1,8.253091574E-1,6.675452925E-3,8.319377378E-1
3.822273625E0,-8.628714085E-2,8.257647753E-1,1.077331323E-2,8.303306564E-1
3.832248625E0,-6.643700600E-2,8.222195506E-1,9.033204056E-3,8.249487644E-1
3.842223625E0,-4.079083726E-2,8.210847378E-1,7.640901953E-3,8.221328496E-1
3.852198625E0,-1.093387231E-2,8.220232725E-1,3.648024984E-3,8.221040799E-1
3.862173625E0,1.746905409E-2,8.264459372E-1,-4.847139120E-3,8.266447542E-1
3.872148625E0,4.337548465E-2,8.298888206E-1,-8.551063016E-3,8.310655858E-1
3.882123625E0,6.906402111E-2,8.376501799E-1,-1.656924933E-2,8.406558171E-1
3.892098625E0,8.882867545E-2,8.444396853E-1,-2.666369639E-2,8.495174327E-1
3.902073625E0,1.068952009E-1,8.476297259E-1,-3.261464089E-2,8.549657602E-1
3.912048625E0,1.177654266E-1,8.504840732E-1,-3.998920321E-2,8.595295171E-1
3.922022625E0,1.214686781E-1,8.442056179E-1,-4.538721591E-2,8.541064128E-1
3.931997625E0,1.221334040E-1,8.301571608E-1,-4.692305997E-2,8.404042203E-1
3.941972625E0,1.103521511E-1,8.145164251E-1,-4.650769383E-2,8.232724759E-1
3.951947625E0,9.851785749E-2,7.888555527E-1,-4.399979487E-2,7.962002469E-1
3.961922625E0,7.913282514E-2,7.578936219E-1,-3.689145297E-2,7.629061053E-1
3.971897625E0,5.678011104E-2,7.268182635E-1,-2.959465608E-2,7.296332043E-1
3.981872625E0,3.035019897E-2,6.915426850E-1,-1.655887067E-2,6.924063951E-1
3.991847625E0,5.222475156E-3,6.552794576E-1,-7.771769539E-3,6.553463528E-1
4.001822625E0,-2.571227029E-2,6.220881939E-1,4.962401465E-3,6.226391148E-1
4.011797625E0,-4.670623690E-2,5.872868299E-1,8.764863014E-3,5.892063442E-1
4.021772625E0,-6.619388610E-2,5.599979758E-1,1.985847205E-2,5.642461541E-1
4.031747625E0,-8.755110204E-2,5.288259387E-1,2.120869607E-2,5.364437321E-1
4.041722625E0,-9.584704787E-2,5.002718568E-1,2.589192055E-2,5.100284098E-1
4.051697625E0,-1.027670056E-1,4.762672186E-1,2.524690144E-2,4.878820831E-1
4.061672625E0,-1.056840122E-1,4.461309314E-1,2.342158929E-2,4.590756901E-1
4.071647625E0,-9.881838411E-2,4.165163040E-1,2.070223540E-2,4.285784492E-1
4.081622625E0,-8.582247049E-2,3.819906116E-1,1.801770553E-2,3.919272400E-1
4.091597625E0,-7.493147254E-2,3.446419239E-1,1.162159164E-2,3.528850276E-1
4.101572625E0,-5.127966776E-2,2.967539430E-1,4.763836041E-3,3.011896431E-1
4.111547625E0,-3.133285791E-2,2.501872480E-1,2.842098475E-3,2.521576582E-1
4.121522625E0,-7.903260179E-3,1.957340091E-1,-1.585138962E-3,1.958999146E-1
4.131497625E0,1.678397693E-2,1.381133199E-1,-5.333538167E-3,1.392315971E-1
4.141471625E0,4.140466079E-2,7.893933356E-2,-6.883954164E-3,8.940443581E-2
4.151446625E0,6.135972962E-2,2.631526999E-2,-4.891909659E-3,6.694356305E-2
4.161421625E0,7.630793750E-2,-2.839200199E-2,-4.585611634E-3,8.154774636E-2
4.171396625E0,8.972574770E-2,-8.137452602E-2,-4.362172447E-3,1.212087119E-1
4.181371625E0,9.928230941E-2,-1.251123995E-1,-5.448197480E-3,1.598116777E-1
4.191346625E0,1.008485183E-1,-1.689565480E-1,-3.363475204E-3,1.967944403E-1
4.201321625E0,9.836547822E-2,-2.073602676E-1,-1.158917788E-3,2.295112001E-1
4.211296625E0,9.181170911E-2,-2.461364269E-1,2.854200080E-3,2.627178659E-1
4.221271625E0,7.626921684E-2,-2.777485847E-1,1.640222967E-3,2.880346509E-1
4.231246625E0,5.716290325E-2,-3.128264248E-1,4.228815436E-3,3.180343574E-1
4.241221625E0,3.551654145E-2,-3.446978331E-1,6.047908217E-3,3.465755300E-1
4.251196625E0,1.209031232E-2,-3.780605793E-1,8.998956531E-3,3.783608839E-1
4.261171625E0,-1.221504621E-2,-4.103901386E-1,9.697787464E-3,4.106864014E-1
4.271146625E0,-2.956154570E-2,-4.492238164E-1,1.102990098E-2,4.503305241E-1
4.281121625E0,-5.476140976E-2,-4.903506935E-1,1.166555099E-2,4.935369284E-1
4.291096625E0,-7.348316163E-2,-5.310459137E-1,1.716550998E-2,5.363806412E-1
4.301071625E0,-8.790928870E-2,-5.734556913E-1,1.796759106E-2,5.804328620E-1
4.311042750E0,-1.002652869E-1,-6.131940484E-1,1.981635764E-2,6.216532448E-1
4.321017750E0,-1.029985845E-1,-6.516481042E-1,2.074567974E-2,6.600638934E-1
4.330992750E0,-1.047794446E-1,-6.859570742E-1,1.966790110E-2,6.941920959E-1
4.340966750E0,-9.738049656E-2,-7.162484527E-1,2.123666368E-2,7.231499173E-1
4.350941750E0,-8.408705890E-2,-7.381001711E-1,2.003185079E-2,7.431445156E-1
4.360916750E0,-6.600316614E-2,-7.595154643E-1,1.543693803E-2,7.625342337E-1
4.370891750E0,-4.801511392E-2,-7.734429836E-1,1.615758985E-2,7.751003598E-1
4.380866750E0,-2.545978501E-2,-7.845943570E-1,7.940891199E-3,7.850474912E-1
4.390841750E0,-1.741406042E-3,-7.865533829E-1,3.917387687E-3,7.865650657E-1
4.400816750E0,2.198419161E-2,-7.925952673E-1,-2.222753130E-3,7.929032117E-1
4.410791750E0,4.271476716E-2,-7.990070581E-1,-8.548559621E-3,8.001936692E-1
4.420766750E0,6.033362076E-2,-8.034230471E-1,-1.291971095E-2,8.057888416E-1
4.430741750E0,7.793125510E-2,-8.084833026E-1,-1.699914038E-2,8.124084575E-1
4.440716750E0,8.920947462E-2,-8.170469403E-1,-1.779665053E-2,8.220953435E-1
4.450691750E0,9.519679099E-2,-8.260292411E-1,-1.937058009E-2,8.317222827E-1
4.460666750E0,9.095346183E-2,-8.340027332E-1,-2.124315128E-2,8.392165172E-1
4.470641750E0,8.985117823E-2,-8.390806317E-1,-2.016830072E-2,8.441186535E-1
4.480616750E0,7.891397923E-2,-8.424850702E-1,-1.689171046E-2,8.463414438E-1
4.490591750E0,6.095761433E-2,-8.406453729E-1,-1.525626332E-2,8.429906448E-1
4.500566750E0,4.579095170E-2,-8.331682086E-1,-6.033567712E-3,8.344474094E-1
4.510541750E0,2.729636431E-2,-8.200274110E-1,-2.571192104E-3,8.204856228E-1
4.520516750E0,8.826527745E-3,-8.047218323E-1,5.028562620E-3,8.047859476E-1
4.530491750E0,-1.612755656E-2,-7.791355252E-1,8.122623898E-3,7.793447516E-1
4.540466750E0,-3.673580289E-2,-7.482720613E-1,1.450488344E-2,7.493136784E-1
4.550441750E0,-5.062924698E-2,-7.181208134E-1,2.062456124E-2,7.201987196E-1
4.560415750E0,-6.750992686E-2,-6.822106838E-1,2.342604473E-2,6.859429910E-1
4.570390750E0,-7.902197540E-2,-6.469102502E-1,2.477653325E-2,6.521895591E-1
4.580365750E0,-8.510629833E-2,-6.142772436E-1,2.622817084E-2,6.206992275E-1
4.590340750E0,-8.744667470E-2,-5.820268989E-1,2.594081312E-2,5.891308494E-1
4.600315750E0,-8.725842088E-2,-5.483393669E-1,2.458957955E-2,5.557829979E-1
4.610290750E0,-7.946681231E-2,-5.231599808E-1,2.074051276E-2,5.295672843E-1
4.620265750E0,-6.764855236E-2,-4.947747886E-1,1.758445986E-2,4.996875337E-1
4.630240750E0,-4.928819090E-2,-4.663231969E-1,1.508295164E-2,4.691632393E-1
4.640215750E0,-3.445417807E-2,-4.401821792E-1,9.755789302E-3,4.416362946E-1
4.650190750E0,-1.817853749E-2,-4.117691815E-1,6.937099621E-3,4.122286276E-1
4.660165750E0,2.503586933E-3,-3.755047619E-1,3.336882219E-3,3.755279337E-1
4.670140750E0,1.924794540E-2,-3.348585367E-1,-4.618512467E-4,3.354115924E-1
4.680115750E0,4.131401330E-2,-2.992453873E-1,-5.782281049E-3,3.021391803E-1
4.690090750E0,5.851776525E-2,-2.508006096E-1,-7.301614620E-3,2.576404242E-1
4.700065750E0,6.973650306E-2,-2.011066973E-1,-1.219916902E-2,2.132039007E-1
4.710040750E0,8.040459454E-2,-1.466692835E-1,-8.514152840E-3,1.674791579E-1
4.720015750E0,8.584895730E-2,-9.266213328E-2,-1.161124650E-2,1.268508394E-1
4.729990750E0,8.471231908E-2,-4.278484732E-2,-1.226878166E-2,9.569348550E-2
4.739965750E0,8.060505241E-2,6.110440008E-3,-8.904729038E-3,8.132531064E-2
4.749940750E0,6.989115477E-2,5.509129912E-2,-9.464259259E-3,8.949523427E-2
4.759915750E0,5.414168537E-2,1.043900698E-1,-4.494048189E-3,1.176809468E-1
4.769889750E0,3.826232255E-2,1.434882134E-1,-1.482545864E-3,1.485094969E-1
4.779864750E0,2.238526382E-2,1.834799200E-1,3.438328393E-3,1.848723971E-1
4.789839750E0,9.556049481E-4,2.200022340E-1,3.977086395E-3,2.200402539E-1
4.799814750E0,-1.614483818E-2,2.565830350E-1,7.281281054E-3,2.571935588E-1
4.809789750E0,-3.499708697E-2,2.937080264E-1,1.218495890E-2,2.960366094E-1
4.819764750E0,-5.215420201E-2,3.269278109E-1,1.603918150E-2,3.314500108E-1
4.829739750E0,-6.439435482E-2,3.645367026E-1,1.423728745E-2,3.704542358E-1
4.839714750E0,-7.652076334E-2,4.034085274E-1,1.533046365E-2,4.108879291E-1
4.849689750E0,-7.948619872E-2,4.394149780E-1,1.572541147E-2,4.468230827E-1
4.859664750E0,-8.389584720E-2,4.778219759E-1,1.733952761E-2,4.854410501E-1
4.869639750E0,-7.725977898E-2,5.228000879E-1,1.441084687E-2,5.286744536E-1
4.879614750E0,-6.936076283E-2,5.588491559E-1,9.948070161E-3,5.632248739E-1
4.889589750E0,-5.518342555E-2,5.961832404E-1,3.293628804E-3,5.987407741E-1
4.899564750E0,-4.352673143E-2,6.334037781E-1,-5.027223378E-4,6.348977675E-1
4.909539750E0,-2.649235725E-2,6.652588844E-1,-5.132361781E-3,6.658059548E-1
4.919514750E0,-1.154975500E-2,6.916229725E-1,-6.164175458E-3,6.917468684E-1
4.929489750E0,4.044917412E-3,7.159243226E-1,-1.134349126E-2,7.160256084E-1
4.939464750E0,2.632122859E-2,7.326833606E-1,-1.757412031E-2,7.333665957E-1
4.949439750E0,4.385334998E-2,7.465842962E-1,-2.069108188E-2,7.481573020E-1
4.959414750E0,5.561505631E-2,7.548831701E-1,-2.476086654E-2,7.573339657E-1
4.969389750E0,6.986563653E-2,7.625671625E-1,-2.469055913E-2,7.661589314E-1
4.979364750E0,7.261849195E-2,7.676435709E-1,-2.768867835E-2,7.715677289E-1
4.989338750E0,7.333222032E-2,7.786400318E-1,-2.732222900E-2,7.825627246E-1
4.999313750E0,7.260903716E-2,7.831824422E-1,-3.016959131E-2,7.871194409E-1
5.009288750E0,7.037943602E-2,7.868815660E-1,-2.890432253E-2,7.905512785E-1
5.019263750E0,6.017189845E-2,7.939046621E-1,-3.062339500E-2,7.967703949E-1
5.029238750E0,4.906545207E-2,8.001202345E-1,-2.742334083E-2,8.020921692E-1
5.039213750E0,3.174702823E-2,8.040417433E-1,-2.452651411E-2,8.050419546E-1
5.049188750E0,1.744079217E-2,8.114408255E-1,-2.040766925E-2,8.118847624E-1
5.059163750E0,2.720132237E-3,8.137932420E-1,-1.631862298E-2,8.139613856E-1
5.069138750E0,-1.083269436E-2,8.112177253E-1,-1.358595490E-2,8.114037979E-1
5.079113750E0,-2.659088559E-2,8.047240973E-1,-8.960843086E-3,8.052131672E-1
5.089088750E0,-3.984676674E-2,7.944033146E-1,-6.934443489E-3,7.954322583E-1
5.099063750E0,-4.981810972E-2,7.784453630E-1,-5.509275943E-4,7.800380317E-1
5.109038750E0,-5.598199368E-2,7.579116225E-1,3.957271576E-3,7.599866257E-1
5.119013750E0,-6.145451218E-2,7.358166575E-1,5.299733020E-3,7.383975201E-1
5.128988750E0,-6.402046978E-2,7.073266506E-1,6.841703318E-3,7.102509557E-1
5.138963750E0,-5.761562660E-2,6.805881262E-1,1.065278426E-2,6.831055846E-1
5.148938750E0,-5.516791716E-2,6.486608386E-1,8.725453168E-3,6.510610695E-1
5.158913750E0,-4.132789001E-2,6.186560988E-1,7.723145187E-3,6.200830671E-1
5.168888750E0,-3.006831184E-2,5.905195475E-1,2.350749448E-3,5.912892400E-1
5.178863750E0,-1.518060174E-2,5.620267391E-1,-1.707673073E-4,5.622317452E-1
5.188838750E0,6.231286097E-4,5.297082067E-1,-3.456309438E-3,5.297198491E-1
5.198812750E0,1.209297124E-2,5.034679174E-1,-5.559087731E-3,5.036438100E-1
5.208787750E0,2.726020664E-2,4.720593691E-1,-8.873657323E-3,4.729290735E-1
5.218762750E0,4.613384232E-2,4.455072880E-1,-1.180736348E-2,4.480451862E-1
5.228737750E0,5.097014457E-2,4.064863920E-1,-1.299513318E-2,4.098756104E-1
5.238712750E0,6.142173335E-2,3.742551804E-1,-1.434086822E-2,3.795329101E-1
5.248687750E0,6.366571784E-2,3.318659067E-1,-1.618057862E-2,3.383047661E-1
5.258662750E0,6.453962624E-2,2.894861400E-1,-1.310122199E-2,2.968825199E-1
5.268637750E0,6.547892094E-2,2.453900725E-1,-1.200293470E-2,2.542594093E-1
5.278612750E0,6.029531360E-2,1.991953403E-1,-5.094911437E-3,2.081832523E-1
5.288587750E0,5.094069242E-2,1.476485282E-1,-1.057559159E-3,1.561927030E-1
5.298562750E0,3.620816767E-2,1.045212448E-1,4.276107065E-3,1.106978189E-1
5.308537750E0,2.181085013E-2,5.252569169E-2,8.198942989E-3,5.746202343E-2
5.318512833E0,9.166381322E-3,9.830204770E-3,1.022155862E-2,1.688596260E-2
5.328487833E0,-6.334547419E-3,-3.374657035E-2,1.495586056E-2,3.745177254E-2
5.338462833E0,-2.245104499E-2,-7.554410398E-2,1.932733133E-2,8.114497399E-2
5.348437833E0,-3.650001436E-2,-1.188513637E-1,1.813796535E-2,1.256458653E-1
5.358412833E0,-4.758225009E-2,-1.565277427E-1,2.079954185E-2,1.649170268E-1
5.368387833E0,-5.550808087E-2,-1.934620589E-1,2.279638126E-2,2.025546600E-1
5.378362833E0,-6.523171812E-2,-2.340682149E-1,2.147198468E-2,2.439347298E-1
5.388337833E0,-6.666769832E-2,-2.675867677E-1,2.170847356E-2,2.766198078E-1
5.398312833E0,-7.012046874E-2,-3.110629618E-1,1.680490375E-2,3.193109004E-1
5.408287833E0,-6.672947109E-2,-3.463053703E-1,1.543657016E-2,3.530134835E-1
5.418261833E0,-6.036333367E-2,-3.862046301E-1,1.745976508E-2,3.912832629E-1
5.428236833E0,-4.947686568E-2,-4.239666462E-1,1.057043392E-2,4.269747199E-1
5.438211833E0,-3.767655417E-2,-4.638285041E-1,1.165402588E-2,4.655021163E-1
5.448186833E0,-2.513439953E-2,-5.010389686E-1,7.393500768E-3,5.017234795E-1
5.458161833E0,-9.824654087E-3,-5.340189934E-1,1.419180073E-3,5.341112461E-1
5.468136833E0,3.952411003E-3,-5.683205128E-1,-1.459596679E-4,5.683342750E-1
5.478111833E0,2.210166492E-2,-5.976685286E-1,-2.128935885E-3,5.980808357E-1
5.488086833E0,3.392183781E-2,-6.265408993E-1,-6.396119017E-3,6.274911154E-1
5.498061833E0,4.545558244E-2,-6.515119076E-1,-7.017080672E-3,6.531333823E-1
5.508036833E0,5.480088294E-2,-6.742433310E-1,-9.518321604E-3,6.765336685E-1
5.518011833E0,6.195915863E-2,-6.960218549E-1,-8.858484216E-3,6.988303317E-1
5.527986833E0,6.550595909E-2,-7.118309140E-1,-9.851843119E-3,7.149065251E-1
5.537961833E0,6.198412925E-2,-7.325882316E-1,-1.066947170E-2,7.352832019E-1
5.547936833E0,5.353684723E-2,-7.466616631E-1,-6.738379598E-3,7.486088691E-1
5.557911833E0,4.618538544E-2,-7.567000389E-1,-6.156082731E-3,7.581331915E-1
5.567886833E0,3.541343287E-2,-7.696424127E-1,-3.998655826E-3,7.704670946E-1
5.577861833E0,2.469094843E-2,-7.776183486E-1,-1.217831392E-3,7.780111967E-1
5.587836833E0,1.026380528E-2,-7.856957316E-1,2.358527854E-3,7.857663082E-1
5.597811833E0,-6.945274770E-3,-7.884771228E-1,3.538307734E-3,7.885156496E-1
5.607786833E0,-1.812415943E-2,-7.959635258E-1,8.505902253E-3,7.962152786E-1
5.617761833E0,-3.004433215E-2,-7.975786328E-1,1.082996186E-2,7.982177808E-1
5.627736833E0,-4.366932809E-2,-7.962055206E-1,1.174422447E-2,7.974886633E-1
5.637711833E0,-5.076793581E-2,-7.919789553E-1,1.376137882E-2,7.937237709E-1
5.647685833E0,-5.741411820E-2,-7.864004374E-1,1.384819858E-2,7.886151162E-1
5.657660833E0,-5.905846506E-2,-7.764370441E-1,1.623481698E-2,7.788491222E-1
5.667635833E0,-5.768294260E-2,-7.645063400E-1,1.421188004E-2,7.668110871E-1
5.677610833E0,-5.554190278E-2,-7.493279576E-1,1.377998292E-2,7.515099327E-1
5.687585833E0,-4.907787964E-2,-7.303337455E-1,8.318638429E-3,7.320281537E-1
5.697560833E0,-3.819920868E-2,-7.148780227E-1,8.468691260E-3,7.159479629E-1
5.707535833E0,-2.794337831E-2,-6.924734116E-1,3.011342138E-3,6.930435241E-1
5.717510833E0,-1.605368033E-2,-6.712452173E-1,3.436760046E-3,6.714459574E-1
5.727485833E0,-2.373288618E-3,-6.473100781E-1,-2.074385993E-3,6.473177526E-1
5.737460833E0,1.256757695E-2,-6.230305433E-1,-3.475208301E-3,6.231669752E-1
5.747435833E0,2.377309464E-2,-5.971601009E-1,-4.854459316E-3,5.976528356E-1
5.757410833E0,3.849749640E-2,-5.690742135E-1,-3.454507794E-3,5.703853534E-1
5.767385833E0,4.222086072E-2,-5.402920842E-1,-7.777883206E-3,5.419950487E-1
5.777360833E0,5.516356975E-2,-5.080012679E-1,-5.802632309E-3,5.110205262E-1
5.787335833E0,5.401387811E-2,-4.796617925E-1,-4.287293646E-3,4.827124559E-1
5.797310833E0,5.418960750E-2,-4.420808852E-1,-1.742312219E-3,4.453931502E-1
5.807285833E0,5.350517482E-2,-4.054474831E-1,1.936871558E-5,4.089626702E-1
5.817260833E0,4.780488461E-2,-3.671167493E-1,-7.848050445E-4,3.702170046E-1
5.827235833E0,4.049770162E-2,-3.270462751E-1,4.976411350E-3,3.295816964E-1
5.837210833E0,2.783416212E-2,-2.866941392E-1,5.211601034E-3,2.880892758E-1
5.847185833E0,1.887582242E-2,-2.457901388E-1,6.808965467E-3,2.466078892E-1
5.857160833E0,5.026870407E-3,-2.017807662E-1,1.076107007E-2,2.021300267E-1
5.867135833E0,-5.888893735E-3,-1.575185061E-1,1.179517712E-2,1.580692412E-1
5.877109833E0,-2.172973752E-2,-1.137224063E-1,1.025507599E-2,1.162331010E-1
5.887084833E0,-3.280715644E-2,-7.315287739E-2,1.229532436E-2,8.110997464E-2
5.897059833E0,-3.946413472E-2,-3.032559901E-2,1.468039677E-2,5.189001767E-2
5.907034833E0,-5.072797462E-2,1.602512039E-2,1.255892403E-2,5.466130684E-2
5.917009833E0,-5.621349066E-2,5.661714822E-2,1.248799078E-2,8.075523462E-2
5.926984833E0,-5.600602925E-2,9.718002379E-2,1.450853050E-2,1.130978770E-1
5.936959833E0,-4.973156005E-2,1.368449330E-1,1.379297674E-2,1.462532392E-1
5.946934833E0,-4.683244228E-2,1.833000481E-1,1.102355495E-2,1.895091134E-1
5.956909833E0,-4.259314761E-2,2.258467376E-1,1.031357329E-2,2.300593291E-1
5.966884833E0,-3.245635703E-2,2.689428031E-1,8.105547167E-3,2.710153988E-1
5.976859833E0,-2.242439613E-2,3.033887148E-1,6.487276405E-3,3.042854754E-1
5.986834833E0,-7.849714719E-3,3.381568193E-1,1.768687740E-3,3.382525399E-1
5.996809833E0,1.528291265E-3,3.783813119E-1,2.056904137E-3,3.783899889E-1
6.006784833E0,1.704359986E-2,4.146301448E-1,-2.713350113E-3,4.149891608E-1
6.016759833E0,2.532664500E-2,4.477115870E-1,-5.896472838E-3,4.484661330E-1
6.026734833E0,3.860223666E-2,4.816415906E-1,-7.358281873E-3,4.832420706E-1
6.036709833E0,4.302049801E-2,5.131151080E-1,-9.960979223E-3,5.150117459E-1
6.046684833E0,5.199908093E-2,5.422402620E-1,-1.513656601E-2,5.449380899E-1
6.056659833E0,4.969287664E-2,5.720907450E-1,-1.644072309E-2,5.744801997E-1
6.066634833E0,5.111846700E-2,5.983383060E-1,-1.678400487E-2,6.007524689E-1
6.076609833E0,4.507788271E-2,6.226848960E-1,-2.070204541E-2,6.246575621E-1
6.086584833E0,3.964317217E-2,6.500201225E-1,-2.104799077E-2,6.515679233E-1
6.096559833E0,3.413946927E-2,6.698919535E-1,-2.145103551E-2,6.711042241E-1
6.106534833E0,2.255897783E-2,6.910904050E-1,-1.932849735E-2,6.917285928E-1
6.116508833E0,1.021308079E-2,7.089057565E-1,-2.149428800E-2,7.093050705E-1
6.126483833E0,5.993351806E-4,7.215831876E-1,-2.023754269E-2,7.218671719E-1
6.136458833E0,-1.313295867E-2,7.370152473E-1,-1.526733395E-2,7.372903369E-1
6.146433833E0,-2.182871290E-2,7.491105199E-1,-1.409554295E-2,7.495610369E-1
6.156408833E0,-3.136834130E-2,7.608637810E-1,-1.239203289E-2,7.616109430E-1
6.166383833E0,-3.629732132E-2,7.636017799E-1,-6.848928984E-3,7.644946577E-1
6.176358833E0,-4.719154537E-2,7.720407844E-1,-7.261011284E-3,7.735158285E-1
6.186333833E0,-4.518831521E-2,7.731620073E-1,-4.753911402E-3,7.744960123E-1
6.196308833E0,-4.664061964E-2,7.743065953E-1,-3.215816803E-3,7.757166960E-1
6.206283833E0,-4.434550554E-2,7.747742534E-1,-3.768422641E-3,7.760514600E-1
6.216258833E0,-3.792702034E-2,7.721217871E-1,-1.979843713E-3,7.730552585E-1
6.226233833E0,-2.915483527E-2,7.643477321E-1,-1.979310997E-3,7.649061234E-1
6.236208833E0,-1.822116226E-2,7.603016496E-1,-5.418478977E-3,7.605392620E-1
6.246183833E0,-6.834285334E-3,7.513760924E-1,-7.463254035E-3,7.514442361E-1
6.256158833E0,2.455615904E-3,7.382420301E-1,-5.778397433E-3,7.382687282E-1
6.266133833E0,1.518312842E-2,7.227985859E-1,-8.817330934E-3,7.230118038E-1
6.276108833E0,2.740824781E-2,7.051692605E-1,-1.191121154E-2,7.058022209E-1
6.286083833E0,3.562143818E-2,6.855465174E-1,-1.269604545E-2,6.865887444E-1
6.296058833E0,4.286435992E-2,6.645925641E-1,-9.846206754E-3,6.660462277E-1
6.306033833E0,4.883357137E-2,6.391305923E-1,-1.561781019E-2,6.411837083E-1
6.316012250E0,5.148208514E-2,6.150763631E-1,-1.281057112E-2,6.173600637E-1
6.325987250E0,5.079978332E-2,5.881174803E-1,-1.479542535E-2,5.904927546E-1
6.335962250E0,5.053311959E-2,5.582141876E-1,-1.459451020E-2,5.606867888E-1
6.345937250E0,4.482303560E-2,5.269063115E-1,-1.258808468E-2,5.289591908E-1
6.355911250E0,3.885180503E-2,4.965133071E-1,-9.221745655E-3,4.981164196E-1
6.365886250E0,3.293559328E-2,4.652725458E-1,-9.389525279E-3,4.665313048E-1
6.375861250E0,1.951785013E-2,4.326476157E-1,-8.230879903E-3,4.331658495E-1
6.385836250E0,6.372486241E-3,4.035477936E-1,-5.259590689E-3,4.036323743E-1
6.395811250E0,-9.430609643E-4,3.643937111E-1,-7.786573842E-4,3.643957634E-1
6.405786250E0,-1.328122057E-2,3.302727640E-1,9.217709303E-4,3.305409795E-1
6.415761250E0,-2.506048791E-2,2.914384604E-1,4.199890420E-3,2.925440878E-1
6.425736250E0,-3.008827008E-2,2.537395656E-1,7.605275139E-3,2.556304195E-1
6.435711250E0,-4.099668562E-2,2.158265114E-1,9.067245759E-3,2.198727500E-1
6.445686250E0,-4.569423571E-2,1.733717322E-1,1.076740865E-2,1.796153050E-1
6.455661250E0,-4.488554969E-2,1.316032857E-1,1.552358270E-2,1.399111110E-1
6.465636250E0,-4.485652223E-2,8.954958618E-2,1.597285829E-2,1.014217342E-1
6.475611250E0,-4.561523721E-2,4.702484980E-2,1.902294718E-2,6.821993025E-2
6.485586250E0,-3.923616931E-2,2.791075502E-3,1.773184724E-2,4.314725357E-2
6.495561250E0,-3.235731646E-2,-3.874024376E-2,1.793878153E-2,5.356866900E-2
6.505536250E0,-1.955869794E-2,-8.032683283E-2,1.633076370E-2,8.427120849E-2
6.515511250E0,-1.011189073E-2,-1.226071343E-1,1.464946475E-2,1.238925604E-1
6.525486250E0,-1.334111788E-3,-1.656257063E-1,1.172584761E-2,1.660456261E-1
6.535461250E0,7.266524248E-3,-2.067148685E-1,9.129310958E-3,2.070439170E-1
6.545436250E0,1.587519422E-2,-2.451746315E-1,7.058703341E-3,2.457894363E-1
6.555411250E0,2.493998595E-2,-2.840563059E-1,2.337970771E-3,2.851586469E-1
6.565386250E0,2.935071290E-2,-3.219754398E-1,-1.046373975E-3,3.233121449E-1
6.575361250E0,3.401384503E-2,-3.589423001E-1,-1.678382978E-3,3.605542032E-1
6.585336250E0,3.282607347E-2,-3.946923018E-1,-4.122632556E-3,3.960764576E-1
6.595311250E0,3.549933806E-2,-4.242282510E-1,-5.918245763E-3,4.257520846E-1
6.605285250E0,3.547643498E-2,-4.553672671E-1,-4.981345497E-3,4.567742760E-1
6.615260250E0,2.881450765E-2,-4.852032363E-1,-4.498200491E-3,4.860788930E-1
6.625235250E0,2.671779878E-2,-5.140922070E-1,-6.719010416E-3,5.148298584E-1
6.635210250E0,1.785984449E-2,-5.421084762E-1,-2.485492267E-3,5.424082887E-1
6.645185250E0,9.988339618E-3,-5.670529604E-1,7.846029475E-4,5.671414660E-1
6.655160250E0,2.145437524E-3,-5.970861912E-1,1.352092251E-3,5.970915765E-1
6.665135250E0,-7.214242127E-3,-6.214863658E-1,4.259997979E-3,6.215428350E-1
6.675110250E0,-1.554325968E-2,-6.460480690E-1,7.577740587E-3,6.462794462E-1
6.685085250E0,-2.484541386E-2,-6.708021164E-1,1.003423985E-2,6.713370688E-1
6.695060250E0,-2.941198647E-2,-6.894247532E-1,1.098585594E-2,6.901392934E-1
6.705035250E0,-3.378169984E-2,-7.092298865E-1,1.381546538E-2,7.101683619E-1
6.715010250E0,-3.550130501E-2,-7.223507166E-1,1.207242627E-2,7.233233329E-1
6.724985250E0,-3.836526722E-2,-7.344702482E-1,1.141196210E-2,7.355601078E-1
6.734960250E0,-3.577360511E-2,-7.434047461E-1,9.774321690E-3,7.443291642E-1
6.744935250E0,-3.460474685E-2,-7.513390779E-1,8.950872347E-3,7.521888172E-1
6.754910250E0,-2.906929888E-2,-7.543050647E-1,5.487321876E-3,7.548849352E-1
6.764885250E0,-2.344177291E-2,-7.546616197E-1,4.993039183E-3,7.550421229E-1
6.774860250E0,-1.443107799E-2,-7.535636425E-1,4.235267639E-3,7.537137101E-1
6.784835250E0,-6.446122192E-3,-7.531087995E-1,-2.349398099E-3,7.531400507E-1
6.794810250E0,5.230632611E-3,-7.503815293E-1,-3.924712073E-3,7.504100229E-1
6.804785250E0,9.414192289E-3,-7.455758452E-1,-4.498623312E-3,7.456488487E-1
6.814760250E0,1.720668003E-2,-7.408531904E-1,-4.660792649E-3,7.410676370E-1
6.824735250E0,2.183525264E-2,-7.329100370E-1,-6.727405824E-3,7.332660899E-1
6.834710250E0,3.060275689E-2,-7.284339070E-1,-5.788936280E-3,7.290994428E-1
6.844685250E0,3.532906994E-2,-7.137513757E-1,-5.079469644E-3,7.146432470E-1
6.854659250E0,3.578756750E-2,-7.041203380E-1,-3.797285259E-3,7.050394455E-1
6.864634250E0,3.517930210E-2,-6.832251549E-1,-1.917892601E-3,6.841329358E-1
6.874609250E0,3.294201568E-2,-6.667000055E-1,-9.090043604E-4,6.675139699E-1
6.884584250E0,2.778640203E-2,-6.435384750E-1,1.703752205E-4,6.441380924E-1
6.894559250E0,2.189099602E-2,-6.219063997E-1,1.633611508E-3,6.222937043E-1
6.904534250E0,1.961505786E-2,-5.926521420E-1,6.924513727E-3,5.930170831E-1
6.914509250E0,8.203835227E-3,-5.630878806E-1,5.677249283E-3,5.631762560E-1
6.924484250E0,1.964581432E-3,-5.300132632E-1,7.634938695E-3,5.300718924E-1
6.934459250E0,-8.933875710E-3,-4.972294271E-1,1.055921894E-2,4.974217671E-1
6.944434250E0,-1.572253928E-2,-4.664150476E-1,1.000501495E-2,4.667872055E-1
6.954409250E0,-2.056423388E-2,-4.293590188E-1,1.113937795E-2,4.299955122E-1
6.964384250E0,-2.792254835E-2,-3.969896138E-1,1.273354702E-2,3.981740390E-1
6.974359250E0,-3.179136291E-2,-3.625622690E-1,1.436943747E-2,3.642369701E-1
6.984334250E0,-3.346941993E-2,-3.279571533E-1,1.420485415E-2,3.299664746E-1
6.994309250E0,-3.476586193E-2,-2.921974063E-1,1.522939280E-2,2.946522082E-1
7.004284250E0,-3.151414543E-2,-2.581717670E-1,1.518385299E-2,2.605309042E-1
7.014259250E0,-3.079912066E-2,-2.197750956E-1,1.249877829E-2,2.222743753E-1
7.024234250E0,-2.685124986E-2,-1.848243028E-1,1.082791109E-2,1.870782087E-1
7.034209250E0,-1.956569776E-2,-1.450302154E-1,8.827296086E-3,1.466100306E-1
7.044184250E0,-1.339488756E-2,-1.034441665E-1,1.073358674E-2,1.048586118E-1
7.054159250E0,-6.897341460E-3,-6.413616985E-2,5.971767940E-3,6.478181546E-2
7.064134250E0,-2.252256032E-3,-2.164809406E-2,4.863892682E-3,2.230179557E-2
7.074109250E0,1.162803266E-2,1.827127114E-2,2.686258405E-3,2.182353035E-2
7.084084250E0,1.174148358E-2,6.430134922E-2,-8.269837126E-4,6.536979311E-2
7.094059250E0,2.218838781E-2,1.090986282E-1,-7.829163224E-5,1.113321218E-1
7.104033250E0,2.851659246E-2,1.527084410E-1,-1.087096985E-3,1.553520060E-1
7.114008250E0,3.230991960E-2,1.947338730E-1,-6.825427059E-3,1.975140467E-1
7.123983250E0,3.410382569E-2,2.370304763E-1,-4.266129341E-3,2.395093265E-1
7.133958250E0,3.122797236E-2,2.733801305E-1,-7.641025819E-3,2.752639957E-1
7.143933250E0,3.269590437E-2,3.088318706E-1,-8.246095851E-3,3.106672569E-1
7.153908250E0,2.746644616E-2,3.466418386E-1,-4.498514347E-3,3.477573961E-1
7.163883250E0,2.163731866E-2,3.758833408E-1,-4.832208157E-3,3.765365981E-1
7.173858250E0,1.515928470E-2,4.044370353E-1,-5.987512879E-3,4.047653268E-1
7.183833250E0,9.981568903E-3,4.360269010E-1,-3.216227051E-3,4.361529941E-1
7.193808250E0,2.539760200E-3,4.622370601E-1,-1.789765898E-3,4.622475023E-1
7.203783250E0,-7.439637557E-3,4.924093485E-1,-1.679777168E-3,4.924684115E-1
7.213758250E0,-1.359299663E-2,5.141085982E-1,-3.127950244E-3,5.142977780E-1
7.223733250E0,-2.162455767E-2,5.437536240E-1,-2.332463861E-3,5.441884466E-1
7.233708250E0,-2.417539991E-2,5.716356039E-1,-4.619207233E-3,5.721652302E-1
7.243683250E0,-2.849531360E-2,6.020265222E-1,-6.396334618E-3,6.027344601E-1
7.253658250E0,-3.308099508E-2,6.278805733E-1,-4.212582950E-3,6.287655464E-1
7.263633250E0,-3.266074508E-2,6.510953307E-1,-7.241928484E-3,6.519542158E-1
7.273608250E0,-3.189773485E-2,6.743145585E-1,-7.798418403E-3,6.751136235E-1
7.283583250E0,-2.975468896E-2,6.954374313E-1,-1.001470070E-2,6.961457151E-1
7.293558250E0,-2.489695884E-2,7.096268535E-1,-1.045124792E-2,7.101403793E-1
7.303533250E0,-1.791601442E-2,7.203364968E-1,-1.287365891E-2,7.206742560E-1
7.313505333E0,-1.294647623E-2,7.273448706E-1,-1.510950364E-2,7.276169797E-1
7.323480333E0,-2.393700182E-3,7.360395789E-1,-1.532442030E-2,7.362029811E-1
7.333455333E0,1.903812634E-3,7.357593179E-1,-1.550813112E-2,7.359252003E-1
7.343430333E0,1.171622891E-2,7.328644395E-1,-1.554461662E-2,7.331229036E-1
7.353404333E0,1.532811485E-2,7.309489250E-1,-1.736305095E-2,7.313157715E-1
7.363379333E0,2.511523105E-2,7.313515544E-1,-1.555742696E-2,7.319480203E-1
7.373354333E0,3.165487945E-2,7.279822230E-1,-1.210568286E-2,7.287706745E-1
7.383329333E0,3.384453058E-2,7.265614271E-1,-1.615928113E-2,7.275287499E-1
7.393304333E0,3.670590743E-2,7.204151154E-1,-1.471849717E-2,7.214997548E-1
7.403279333E0,3.389627114E-2,7.128682733E-1,-1.295228861E-2,7.137912118E-1
7.413254333E0,3.590296209E-2,7.085003853E-1,-1.286200806E-2,7.095260741E-1
7.423229333E0,3.192952648E-2,7.006259561E-1,-1.329610310E-2,7.014791596E-1
7.433204333E0,2.697481215E-2,6.879212260E-1,-1.149181835E-2,6.885457977E-1
7.443179333E0,2.207059972E-2,6.731763482E-1,-1.066650450E-2,6.736225067E-1
7.453154333E0,1.448019780E-2,6.576983929E-1,-9.161763825E-3,6.579215683E-1
7.463129333E0,6.196968257E-3,6.340692043E-1,-8.356424049E-3,6.341545459E-1
7.473104333E0,-1.266350038E-3,6.133050919E-1,-5.984090734E-3,6.133355922E-1
7.483079333E0,-7.239021361E-3,5.852550864E-1,-4.188587423E-3,5.853148417E-1
7.493054333E0,-1.404449716E-2,5.540173054E-1,-1.570258755E-3,5.541975174E-1
7.503029333E0,-1.945737191E-2,5.255507827E-1,4.036761820E-4,5.259109977E-1
7.513004333E0,-2.472167276E-2,4.933695793E-1,1.504570246E-4,4.939885885E-1
7.522979333E0,-2.707244456E-2,4.589189291E-1,2.154219896E-3,4.597218087E-1
7.532954333E0,-2.880995534E-2,4.301351607E-1,2.584015951E-3,4.311066540E-1
7.542929333E0,-2.887813374E-2,3.974581659E-1,3.095342778E-3,3.985179060E-1
7.552904333E0,-2.388299443E-2,3.669961095E-1,3.100641072E-3,3.677854752E-1
7.562879333E0,-2.015323751E-2,3.355465531E-1,5.580309778E-3,3.361975344E-1
7.572854333E0,-1.397065166E-2,3.019562960E-1,5.470892414E-3,3.023288184E-1
7.582829333E0,-9.652867913E-3,2.648291886E-1,3.369658254E-3,2.650264734E-1
7.592804333E0,-3.427410498E-3,2.311424017E-1,3.416065127E-3,2.311930503E-1
7.602779333E0,3.549805377E-3,1.963394135E-1,2.509791404E-3,1.963875390E-1
7.612753333E0,7.474018726E-3,1.608024240E-1,2.580421977E-3,1.609967052E-1
7.622728333E0,1.490850002E-2,1.190941185E-1,1.488792710E-3,1.200328660E-1
7.632703333E0,1.731251925E-2,7.774624974E-2,4.723359831E-3,7.979043050E-2
7.642678333E0,2.237385884E-2,3.648057580E-2,4.635475576E-3,4.304543650E-2
7.652653333E0,2.576618828E-2,-9.029587731E-3,4.718162119E-3,2.770723672E-2
7.662628333E0,2.496191487E-2,-5.005531758E-2,5.842016079E-3,5.623843138E-2
7.672603333E0,2.564007789E-2,-9.682548791E-2,7.110572420E-3,1.004148841E-1
7.682578333E0,1.975741982E-2,-1.370203197E-1,7.572896779E-3,1.386444100E-1
7.692553333E0,1.825807802E-2,-1.818758547E-1,4.625007510E-3,1.828485019E-1
7.702528333E0,1.235491689E-2,-2.190786153E-1,8.363818750E-3,2.195860586E-1
7.712503333E0,7.317862939E-3,-2.574860156E-1,6.029486656E-3,2.576605403E-1
7.722478333E0,-9.472576203E-4,-2.933878303E-1,8.296369575E-3,2.935066370E-1
7.732453333E0,-6.534052081E-3,-3.224188685E-1,6.019791588E-3,3.225412509E-1
7.742428333E0,-1.437413227E-2,-3.546132743E-1,4.963315092E-3,3.549391842E-1
7.752403333E0,-1.903059147E-2,-3.831082582E-1,3.163297661E-3,3.835936749E-1
7.762378333E0,-2.080186084E-2,-4.109662771E-1,6.623276509E-3,4.115457036E-1
7.772353333E0,-2.726203576E-2,-4.361627102E-1,3.948490135E-3,4.370317139E-1
7.782328333E0,-2.915900573E-2,-4.611873925E-1,3.543423489E-3,4.621218610E-1
7.792303333E0,-3.167222440E-2,-4.913868904E-1,4.304141738E-3,4.924253563E-1
7.802278333E0,-2.446225099E-2,-5.183918476E-1,3.163510002E-3,5.189783398E-1
7.812253333E0,-2.469778433E-2,-5.475913286E-1,7.063874044E-3,5.481935261E-1
7.822228333E0,-2.236512117E-2,-5.756381154E-1,5.839885212E-3,5.761020247E-1
7.832203333E0,-2.023039199E-2,-6.030661464E-1,5.523595028E-3,6.034306553E-1
7.842178333E0,-1.180175412E-2,-6.313739419E-1,8.064517751E-3,6.315357253E-1
7.852152333E0,-6.924395449E-3,-6.544936895E-1,5.878923461E-3,6.545567192E-1
7.862127333E0,-5.738213658E-4,-6.745515466E-1,5.330045708E-3,6.745728483E-1
7.872102333E0,5.981891416E-3,-6.904649734E-1,2.661312930E-3,6.904960139E-1
7.882077333E0,9.236274287E-3,-7.061550021E-1,1.083923504E-3,7.062162351E-1
7.892052333E0,1.814238727E-2,-7.111397386E-1,-7.123341784E-4,7.113714792E-1
7.902027333E0,1.973868534E-2,-7.167994976E-1,-2.864701208E-3,7.170769429E-1
7.912002333E0,2.319634892E-2,-7.164490223E-1,-6.709094159E-3,7.168558322E-1
7.921977333E0,2.735434100E-2,-7.181358337E-1,-4.995882511E-3,7.186739835E-1
7.931952333E0,2.421231009E-2,-7.183936238E-1,-6.747521926E-3,7.188331961E-1
7.941927333E0,2.512550913E-2,-7.148519158E-1,-5.434850231E-3,7.153139803E-1
7.951902333E0,2.126259729E-2,-7.138866186E-1,-2.911379095E-3,7.142091279E-1
7.961877333E0,1.636025123E-2,-7.079823613E-1,-6.656049751E-3,7.082026438E-1
7.971852333E0,1.256820466E-2,-7.069974542E-1,-2.016604412E-3,7.071120326E-1
7.981827333E0,7.639492862E-3,-7.054413557E-1,-1.056002453E-3,7.054835103E-1
7.991802333E0,4.680715501E-4,-6.994219422E-1,4.202237353E-3,6.994347226E-1
8.001777333E0,-5.350668915E-3,-6.903693080E-1,4.625148140E-3,6.904055352E-1
8.011752333E0,-1.282069832E-2,-6.820950508E-1,8.667483926E-3,6.822705870E-1
8.021727333E0,-1.569078676E-2,-6.684527397E-1,1.212772913E-2,6.687468488E-1
8.031702333E0,-2.000382356E-2,-6.529411077E-1,1.041258872E-2,6.533304410E-1
8.041677333E0,-2.086748555E-2,-6.320970654E-1,1.076758839E-2,6.325330767E-1
8.051652333E0,-2.465859056E-2,-6.073803902E-1,1.361664850E-2,6.080332208E-1
8.061627333E0,-2.573770285E-2,-5.834510922E-1,1.207920443E-2,5.841434015E-1
8.071602333E0,-2.414379828E-2,-5.516980290E-1,1.161461417E-2,5.523482031E-1
8.081577333E0,-2.193284221E-2,-5.218626261E-1,1.142126787E-2,5.224481749E-1
8.091552333E0,-1.693734713E-2,-4.922446012E-1,8.189215325E-3,4.926039834E-1
8.101527333E0,-1.142460480E-2,-4.588491023E-1,5.509275943E-3,4.590243701E-1
8.111501333E0,-1.051193941E-2,-4.259177744E-1,8.146871813E-3,4.261253606E-1
8.121476333E0,-2.192757092E-3,-3.966374099E-1,3.333473578E-3,3.966574784E-1
8.131451333E0,-4.911422729E-5,-3.626508713E-1,3.058143891E-3,3.626637687E-1
8.141426333E0,5.634870380E-3,-3.312008083E-1,3.890381195E-3,3.312715838E-1
8.151401333E0,1.158706564E-2,-3.045422435E-1,4.373164847E-3,3.047939677E-1
8.161376333E0,1.681591757E-2,-2.711821496E-1,2.956363373E-3,2.717191076E-1
8.171351333E0,1.833266392E-2,-2.410708219E-1,2.111625858E-3,2.417761086E-1
8.181326333E0,2.044401690E-2,-2.054582387E-1,2.692727372E-3,2.064904271E-1
8.191301333E0,2.207019180E-2,-1.687320173E-1,2.958172001E-3,1.701949993E-1
8.201276333E0,2.002142183E-2,-1.312514991E-1,2.534196712E-3,1.327939588E-1
8.211251333E0,1.973608881E-2,-9.174086154E-2,1.016093418E-3,9.384525200E-2
8.221226333E0,1.578448899E-2,-4.688683525E-2,4.832935520E-3,4.970797399E-2
8.231201333E0,1.262743399E-2,-4.599039443E-3,1.640691422E-3,1.353865286E-2
8.241176333E0,7.416427135E-3,3.835321963E-2,3.849783912E-3,3.925294490E-2
8.251151333E0,1.132386038E-3,8.124692738E-2,2.965279855E-3,8.130890721E-2
8.261126333E0,-4.055451602E-3,1.244388744E-1,1.425972208E-3,1.245131059E-1
8.271101333E0,-7.878370583E-3,1.670165807E-1,-8.974429220E-4,1.672047020E-1
8.281076333E0,-1.114074234E-2,2.054326832E-1,2.317372710E-4,2.057346767E-1
8.291051333E0,-1.047993265E-2,2.454314381E-1,2.675339580E-3,2.456696506E-1
8.301026333E0,-1.459531486E-2,2.807332575E-1,2.609292977E-3,2.811245160E-1
8.311001333E0,-2.012939379E-2,3.061187267E-1,3.151828423E-3,3.067960257E-1
8.320979083E0,-1.694585197E-2,3.393195570E-1,2.654083073E-3,3.397528039E-1
8.330954083E0,-1.934070699E-2,3.647885919E-1,2.337911166E-3,3.653084252E-1
8.340929083E0,-2.109306678E-2,3.921437860E-1,9.751720354E-4,3.927118757E-1
8.350904083E0,-1.418465935E-2,4.208563566E-1,1.654683612E-3,4.210985816E-1
8.360879083E0,-1.376760751E-2,4.490318000E-1,2.145503648E-3,4.492479356E-1
8.370853083E0,-9.506751783E-3,4.726231992E-1,-2.427640371E-3,4.727250366E-1
8.380828083E0,-8.226570673E-3,5.045334697E-1,-1.015099697E-3,5.046015546E-1
8.390803083E0,-1.063968521E-3,5.291994214E-1,-6.910585798E-3,5.292456101E-1
8.400778083E0,6.534562912E-3,5.599275231E-1,-7.754807826E-3,5.600193467E-1
8.410753083E0,6.700899452E-3,5.907067060E-1,-1.026706770E-2,5.908339253E-1
8.420728083E0,1.076408476E-2,6.140375733E-1,-1.496488415E-2,6.143142150E-1
8.430703083E0,1.463276334E-2,6.366466284E-1,-1.718355343E-2,6.370465616E-1
8.440678083E0,1.905627362E-2,6.547958255E-1,-1.822165400E-2,6.553264403E-1
8.450653083E0,1.674198732E-2,6.716626883E-1,-2.012288570E-2,6.721725905E-1
8.460628083E0,2.046615258E-2,6.831105351E-1,-1.966561936E-2,6.836999365E-1
8.470603083E0,1.869339123E-2,6.920005679E-1,-1.880569756E-2,6.925083993E-1
8.480578083E0,1.780842245E-2,6.957183480E-1,-2.073116228E-2,6.962549395E-1
8.490553083E0,1.288875379E-2,6.940498352E-1,-1.996523514E-2,6.944565532E-1
8.500528083E0,1.050575823E-2,6.963137984E-1,-1.672763005E-2,6.965939208E-1
8.510503083E0,4.405399784E-3,6.915771365E-1,-1.646272466E-2,6.917870804E-1
8.520478083E0,3.863446182E-3,6.932530403E-1,-1.250233687E-2,6.933765301E-1
8.530453083E0,1.474069664E-3,6.926432252E-1,-1.172285248E-2,6.927439899E-1
8.540428083E0,-4.757993389E-3,6.902868748E-1,-9.062620811E-3,6.903627590E-1
8.550403083E0,-4.151355941E-3,6.910569668E-1,-7.190639619E-3,6.911068444E-1
8.560378083E0,-9.069149382E-3,6.879708767E-1,-4.266754724E-3,6.880438808E-1
8.570353083E0,-1.005220134E-2,6.868699789E-1,-3.355033696E-3,6.869517239E-1
8.580328083E0,-1.023436245E-2,6.845296025E-1,-2.528388519E-3,6.846107738E-1
8.590303083E0,-9.092242457E-3,6.749001145E-1,-1.545780804E-3,6.749631271E-1
8.600278083E0,-9.710894898E-3,6.628109813E-1,-2.666646615E-4,6.628821686E-1
8.610253083E0,-8.684070781E-3,6.465483904E-1,5.406728014E-4,6.466069336E-1
8.620228083E0,-6.912536453E-3,6.263137460E-1,-1.715024933E-3,6.263542391E-1
8.630202083E0,-3.967598081E-3,6.020210981E-1,-3.801379353E-4,6.020342922E-1
8.640177083E0,-2.356651705E-3,5.746768117E-1,-1.559917815E-3,5.746837609E-1
8.650152083E0,1.381673152E-3,5.457444191E-1,-2.540162299E-3,5.457520796E-1
8.660127083E0,4.522339441E-3,5.143332481E-1,-1.413645223E-3,5.143550720E-1
8.670102083E0,8.206650615E-3,4.857555330E-1,-3.407031763E-3,4.858367985E-1
8.680077083E0,1.025488786E-2,4.552881718E-1,-7.041181438E-3,4.554580774E-1
8.690052083E0,1.178343594E-2,4.187614918E-1,-4.346030764E-3,4.189497874E-1
8.700027083E0,1.134827547E-2,3.956830800E-1,-2.929228824E-3,3.958566199E-1
8.710002083E0,1.568918303E-2,3.638050854E-1,-7.517648861E-3,3.642208200E-1
8.719977083E0,1.671849377E-2,3.385969400E-1,-2.854187507E-3,3.390214480E-1
8.729952083E0,1.769847609E-2,3.106376231E-1,-6.517260335E-3,3.112096457E-1
8.739927083E0,1.621163264E-2,2.784560025E-1,-5.490345415E-3,2.789815518E-1
8.749902083E0,1.625756174E-2,2.474423945E-1,-2.162929624E-3,2.479853326E-1
8.759877083E0,8.304564282E-3,2.158892602E-1,-9.533218108E-4,2.160510293E-1
8.769852083E0,1.183685102E-2,1.818653941E-1,5.162287503E-3,1.823232893E-1
8.779827083E0,9.959219024E-4,1.415808201E-1,5.001699552E-3,1.416726419E-1
8.789802083E0,2.188972430E-3,1.008518040E-1,5.778477527E-3,1.010409262E-1
8.799777083E0,-3.036149545E-3,6.219815463E-2,8.497565053E-3,6.284932183E-2
8.809752083E0,-6.619276479E-3,1.726474799E-2,1.467812900E-2,2.360791848E-2
8.819727083E0,-1.300606970E-2,-2.452237904E-2,1.383443829E-2,3.101445801E-2
8.829702083E0,-1.515306160E-2,-6.761270016E-2,1.560856402E-2,7.102619073E-2
8.839677083E0,-1.560047269E-2,-1.087031513E-1,1.417897828E-2,1.107284665E-1
8.849652083E0,-1.679599471E-2,-1.470942646E-1,1.304025855E-2,1.486232703E-1
8.859627083E0,-1.778775640E-2,-1.902196407E-1,1.265276875E-2,1.914680353E-1
8.869602083E0,-1.824338175E-2,-2.250335068E-1,1.217706781E-2,2.260999361E-1
8.879577083E0,-1.738477871E-2,-2.563655972E-1,8.812163956E-3,2.571054340E-1
8.889551083E0,-1.575020514E-2,-2.872172892E-1,5.441376008E-3,2.877002759E-1
8.899526083E0,-1.417947374E-2,-3.169637322E-1,4.475447349E-3,3.173122983E-1
8.909501083E0,-1.184109319E-2,-3.437999487E-1,2.386408858E-3,3.440120800E-1
8.919476083E0,-6.264433265E-3,-3.723751307E-1,-2.126317471E-3,3.724338898E-1
8.929451083E0,-3.062073840E-3,-3.994967043E-1,-1.490470022E-4,3.995084671E-1
8.939426083E0,2.188880928E-3,-4.254878163E-1,-5.383490119E-3,4.255275021E-1
8.949401083E0,4.569119774E-3,-4.535837471E-1,-4.766694270E-3,4.536318043E-1
8.959376083E0,8.564660326E-3,-4.810670316E-1,-2.236159053E-3,4.811484623E-1
8.969351083E0,7.638990879E-3,-5.076451898E-1,-4.033728503E-3,5.077186857E-1
8.979326083E0,1.193040889E-2,-5.381431580E-1,-1.710919198E-3,5.382781069E-1
8.989301083E0,1.136761811E-2,-5.640653372E-1,1.579916105E-3,5.641820836E-1
8.999276083E0,1.373916306E-2,-5.912282467E-1,-7.591377944E-4,5.913883500E-1
9.009251083E0,1.272758748E-2,-6.159749627E-1,2.112039365E-3,6.161100607E-1
9.019226083E0,9.403696284E-3,-6.335196495E-1,6.170962937E-3,6.336194888E-1
9.029201083E0,6.538523361E-3,-6.533942819E-1,5.290876143E-3,6.534484167E-1
9.039176083E0,6.004825234E-3,-6.665551066E-1,4.695126787E-3,6.665986891E-1
9.049151083E0,1.851527253E-3,-6.741706729E-1,2.903535031E-3,6.741794678E-1
9.059126083E0,1.772697316E-3,-6.814030409E-1,2.424964681E-3,6.814096617E-1
9.069101083E0,-4.229370970E-3,-6.849347949E-1,1.788584515E-3,6.849501879E-1
9.079076083E0,-4.184097517E-3,-6.831784844E-1,2.596055157E-3,6.831962293E-1
9.089051083E0,-6.246042438E-3,-6.828843951E-1,1.305809245E-3,6.829142079E-1
9.099026083E0,-1.011082157E-2,-6.826119423E-1,2.056732774E-5,6.826868190E-1
9.109001083E0,-1.135240309E-2,-6.800892949E-1,5.001761019E-5,6.801840402E-1
9.118976083E0,-8.310273290E-3,-6.794133782E-1,1.881207339E-3,6.794668043E-1
9.128951083E0,-1.377271395E-2,-6.794355512E-1,3.320423886E-3,6.795832407E-1
9.138926083E0,-1.369228680E-2,-6.779378057E-1,5.388368852E-3,6.780974720E-1
9.148901083E0,-1.145424228E-2,-6.732046008E-1,6.542037241E-3,6.733338195E-1
9.158875083E0,-1.126462501E-2,-6.717832685E-1,6.515937857E-3,6.719093012E-1
9.168850083E0,-6.147772074E-3,-6.636204123E-1,6.892854348E-3,6.636846828E-1
9.178825083E0,-2.668618225E-3,-6.500952840E-1,8.644947782E-3,6.501582384E-1
9.188800083E0,-3.444617381E-3,-6.387898922E-1,9.719868191E-3,6.388731232E-1
9.198775083E0,-1.606237260E-3,-6.186971664E-1,6.586126983E-3,6.187343055E-1
9.208750083E0,1.638135640E-3,-5.991743207E-1,4.321738146E-3,5.991921457E-1
9.218725083E0,1.011044998E-2,-5.753896236E-1,5.582478829E-3,5.755055206E-1
9.228700083E0,6.170915440E-3,-5.472717285E-1,3.165539354E-3,5.473156728E-1
9.238675083E0,1.376571879E-2,-5.204393268E-1,3.419870511E-3,5.206325800E-1
9.248650083E0,1.255463436E-2,-4.869439602E-1,2.982066944E-4,4.871058695E-1
9.258625083E0,1.304811891E-2,-4.601208866E-1,-5.649235100E-4,4.603062055E-1
9.268600083E0,1.012614742E-2,-4.287524223E-1,2.024917863E-3,4.288767641E-1
9.278575083E0,1.172777265E-2,-3.989820182E-1,2.451555803E-3,3.991618740E-1
9.288550083E0,8.693431504E-3,-3.701969087E-1,3.476376645E-3,3.703152875E-1
9.298525083E0,6.647591479E-3,-3.413165212E-1,5.021808669E-3,3.414181844E-1
9.308500083E0,4.108361900E-3,-3.133108616E-1,6.496394053E-3,3.134051336E-1
9.318471583E0,2.967729932E-3,-2.839524150E-1,7.654601708E-3,2.840710727E-1
9.328446583E0,-2.323457040E-3,-2.489745766E-1,8.633607067E-3,2.491350586E-1
9.338421583E0,-3.217214020E-3,-2.184385061E-1,1.220091153E-2,2.188026363E-1
9.348396583E0,-8.517121896E-3,-1.846526861E-1,1.031239051E-2,1.851364396E-1
9.358371583E0,-1.101250295E-2,-1.476563215E-1,1.271216478E-2,1.486111155E-1
9.368346583E0,-1.013476308E-2,-1.101740971E-1,7.710026577E-3,1.109075724E-1
9.378321583E0,-1.579611190E-2,-7.133349031E-2,7.707096636E-3,7.346688594E-2
9.388296583E0,-1.428218000E-2,-3.117492422E-2,7.002659142E-3,3.499848284E-2
9.398271583E0,-1.303555444E-2,1.020660531E-2,7.291611284E-3,1.809055186E-2
9.408246583E0,-1.307133213E-2,5.623994768E-2,3.360115923E-3,5.783668228E-2
9.418221583E0,-1.084306464E-2,9.332259744E-2,4.711936228E-3,9.406849413E-2
9.428195583E0,-7.831547409E-3,1.328512728E-1,-3.690179437E-5,1.330819116E-1
9.438170583E0,-4.420038313E-3,1.744477153E-1,-2.768523991E-4,1.745039219E-1
9.448145583E0,-2.101581777E-3,2.114872932E-1,-3.434690181E-3,2.115256224E-1
9.458120583E0,5.250938702E-4,2.462884188E-1,-2.445326187E-3,2.463011177E-1
9.468095583E0,4.333726130E-3,2.760729194E-1,-1.905707177E-3,2.761135087E-1
9.478070583E0,9.417168796E-3,3.060904741E-1,-1.158424187E-3,3.062374950E-1
9.488045583E0,1.065636426E-2,3.287287951E-1,-5.841752980E-3,3.289533476E-1
9.498020583E0,8.193472400E-3,3.554128706E-1,-4.271819256E-3,3.555329662E-1
9.507995583E0,1.180118416E-2,3.812110722E-1,-5.902375095E-3,3.814393629E-1
9.517970583E0,1.036920212E-2,4.091207385E-1,-6.260304246E-3,4.093000005E-1
9.527945583E0,1.380497776E-2,4.358882308E-1,-5.577517208E-3,4.361424490E-1
9.537920583E0,1.024939027E-2,4.602415264E-1,-6.653700490E-3,4.604037188E-1
9.547895583E0,1.257799473E-2,4.892360866E-1,-4.081122112E-3,4.894147627E-1
9.557870583E0,4.426591098E-3,5.192672014E-1,-1.056139171E-2,5.193934580E-1
9.567845583E0,7.172591053E-3,5.474836230E-1,-1.203960180E-2,5.476629580E-1
9.577820583E0,1.715774415E-3,5.743381381E-1,-1.055702008E-2,5.744377176E-1
9.587795583E0,1.112991013E-3,5.991683602E-1,-1.307194214E-2,5.993119708E-1
9.597770583E0,-5.130523816E-3,6.183061004E-1,-1.447835751E-2,6.184968705E-1
9.607745583E0,-6.950197741E-3,6.371069551E-1,-1.721924916E-2,6.373775019E-1
9.617720583E0,-4.807418212E-3,6.504040956E-1,-1.659553871E-2,6.506335457E-1
9.627695583E0,-8.750197478E-3,6.579047441E-1,-1.929442957E-2,6.582457697E-1
9.637670583E0,-1.297610160E-2,6.601106524E-1,-1.507252082E-2,6.604102010E-1
9.647645583E0,-1.114901341E-2,6.652214527E-1,-1.234488375E-2,6.654293936E-1
9.657620583E0,-9.871228598E-3,6.628898382E-1,-1.213769056E-2,6.630744319E-1
9.667595583E0,-1.204167400E-2,6.671258807E-1,-1.043198258E-2,6.673160937E-1
9.677570583E0,-1.260519959E-2,6.616325974E-1,-8.704655804E-3,6.618099093E-1
9.687545583E0,-8.562696166E-3,6.633380055E-1,-7.372678723E-3,6.634342362E-1
9.697519583E0,-4.327470902E-3,6.627694368E-1,-6.722068414E-3,6.628176519E-1
9.707494583E0,1.010036562E-3,6.611784697E-1,-7.388923783E-3,6.612205268E-1
9.717469583E0,3.696101019E-3,6.653044820E-1,-7.634201087E-3,6.653585469E-1
9.727444583E0,5.024406128E-3,6.617404819E-1,-6.348832510E-3,6.617900102E-1
9.737419583E0,1.024979446E-2,6.576958895E-1,-5.642562173E-3,6.577999543E-1
9.747394583E0,1.230736729E-2,6.527811885E-1,-5.324735306E-3,6.529189108E-1
9.757369583E0,1.621342637E-2,6.420230865E-1,-4.521792755E-3,6.422436963E-1
9.767344583E0,1.933188178E-2,6.297492981E-1,-6.621412002E-3,6.300807434E-1
9.777319583E0,1.865384169E-2,6.127554178E-1,-5.697561428E-3,6.130657633E-1
9.787294583E0,1.740225032E-2,5.931048393E-1,-5.405955948E-3,5.933847092E-1
9.797269583E0,1.668985374E-2,5.700263977E-1,-4.608338699E-3,5.702892968E-1
9.807244583E0,1.426380500E-2,5.403805971E-1,-4.506472033E-3,5.405876008E-1
9.817219583E0,1.315406710E-2,5.127092600E-1,-2.571951598E-3,5.128844214E-1
9.827194583E0,1.158951968E-2,4.801645279E-1,-4.324129317E-3,4.803238375E-1
9.837169583E0,6.700489204E-3,4.550823271E-1,-5.013088696E-3,4.551592601E-1
9.847144583E0,4.408074543E-3,4.252285361E-1,-4.676927347E-3,4.252771011E-1
9.857119583E0,-6.109189708E-4,3.949433267E-1,-3.741625231E-3,3.949615226E-1
9.867094583E0,-5.266972817E-3,3.665328324E-1,-2.580403816E-3,3.665797549E-1
9.877069583E0,-7.662219927E-3,3.435660005E-1,-1.611546148E-3,3.436552100E-1
9.887044583E0,-1.107872464E-2,3.160926402E-1,8.031697944E-4,3.162877493E-1
9.897019583E0,-1.035993733E-2,2.905923426E-1,9.941188619E-4,2.907786549E-1
9.906994583E0,-1.141943410E-2,2.608726025E-1,8.741468191E-4,2.611238831E-1
9.916969583E0,-1.175073162E-2,2.322358787E-1,1.662176102E-3,2.325389126E-1
9.926944583E0,-1.128709130E-2,1.997661889E-1,5.365459248E-3,2.001567306E-1
9.936919583E0,-6.982090883E-3,1.603756398E-1,4.877834581E-3,1.606016460E-1
9.946894583E0,-1.221453212E-2,1.236715764E-1,8.221894503E-3,1.245449844E-1
9.956869583E0,-8.812876418E-3,8.580968529E-2,8.242402226E-3,8.665394437E-2
9.966844583E0,-2.243748866E-3,4.376350343E-2,1.148306858E-2,4.530054642E-2
9.976818583E0,-3.162539564E-3,-9.962446056E-4,9.652146138E-3,1.020578683E-2
9.986793583E0,-2.302935813E-3,-4.169845581E-2,1.255895197E-2,4.360954030E-2
9.996768583E0,1.427886775E-3,-8.048952371E-2,9.673682973E-3,8.108133219E-2
1.000674358E1,1.822255319E-3,-1.189641804E-1,1.145180967E-2,1.195279916E-1
1.001671858E1,7.532072254E-3,-1.568468511E-1,8.848835714E-3,1.572767265E-1
1.002669358E1,3.238033736E-3,-1.920575052E-1,4.818099551E-3,1.921452166E-1
1.003666858E1,4.994122311E-3,-2.266208082E-1,5.494276062E-3,2.267424068E-1
1.004664358E1,5.901277997E-3,-2.575423717E-1,8.438508958E-4,2.576113554E-1
1.005661858E1,5.279163830E-3,-2.870366275E-1,1.724679023E-4,2.870852223E-1
1.006659358E1,6.358949468E-3,-3.116830289E-1,-2.514872700E-3,3.117580333E-1
1.007656858E1,4.185544327E-3,-3.398022950E-1,-3.241116647E-3,3.398435276E-1
1.008654358E1,4.227557685E-3,-3.635627925E-1,-2.685613930E-3,3.635972894E-1
1.009651858E1,1.807809342E-3,-3.879187405E-1,-3.242480569E-3,3.879365039E-1
1.010649358E1,-3.406684846E-5,-4.160784483E-1,-3.735498060E-3,4.160952178E-1
1.011646858E1,-2.713206923E-3,-4.408253431E-1,-5.868157372E-3,4.408727480E-1
1.012644358E1,-4.576441832E-3,-4.713246524E-1,1.162833534E-3,4.713483043E-1
1.013641858E1,-5.068328232E-3,-4.947642088E-1,1.989479177E-3,4.947941676E-1
1.014639358E1,-7.016224787E-3,-5.217893124E-1,2.998913638E-3,5.218450990E-1
1.015636858E1,-1.018751785E-2,-5.517477393E-1,4.206923768E-3,5.518578183E-1
1.016634358E1,-1.013604552E-2,-5.746803880E-1,6.472367793E-3,5.748062102E-1
1.017631858E1,-9.219652042E-3,-5.966368318E-1,5.697654560E-3,5.967352631E-1
1.018629358E1,-9.769780561E-3,-6.161631942E-1,8.135119453E-3,6.162943377E-1
1.019626858E1,-1.004115678E-2,-6.308169365E-1,6.886894815E-3,6.309344352E-1
1.020624358E1,-8.136540651E-3,-6.429007649E-1,7.761723362E-3,6.429990989E-1
1.021621858E1,-2.889314434E-3,-6.498873234E-1,4.401347600E-3,6.499086498E-1
1.022619358E1,-5.691872910E-3,-6.540948153E-1,1.943297684E-3,6.541224665E-1
1.023616858E1,-3.450023476E-3,-6.528713703E-1,1.502543688E-3,6.528822149E-1
1.024614358E1,-6.351047195E-4,-6.537547708E-1,6.529036909E-5,6.537550825E-1
1.025611858E1,1.052007778E-3,-6.527315974E-1,-7.978407666E-4,6.527329328E-1
1.026609258E1,2.649197355E-3,-6.498290300E-1,-2.046733629E-3,6.498376533E-1
1.027606758E1,4.814080894E-3,-6.505643725E-1,-1.776156481E-3,6.505846086E-1
1.028604258E1,5.748586729E-3,-6.504306793E-1,-3.661485389E-4,6.504561852E-1
1.029601758E1,8.902569301E-3,-6.483705044E-1,-2.226366661E-3,6.484354427E-1
1.030599258E1,9.597727098E-3,-6.485488415E-1,4.217773676E-4,6.486199920E-1
1.031597150E1,7.909815758E-3,-6.441364884E-1,1.307278872E-3,6.441863782E-1
1.032594650E1,6.981472019E-3,-6.395441890E-1,3.566244617E-3,6.395922363E-1
1.033592150E1,5.314066540E-3,-6.318926215E-1,3.414443694E-3,6.319241908E-1
1.034589650E1,4.484602250E-3,-6.213086843E-1,4.979417659E-3,6.213448217E-1
1.035587150E1,5.530425347E-3,-6.068913937E-1,6.305938587E-3,6.069493506E-1
1.036584650E1,2.592612756E-3,-5.852212310E-1,8.543914184E-3,5.852893381E-1
1.037582150E1,1.312164823E-3,-5.653298497E-1,7.424587384E-3,5.653801246E-1
1.038579650E1,-2.871033503E-3,-5.411191583E-1,8.984389715E-3,5.412013540E-1
1.039577150E1,-3.672378603E-3,-5.136926174E-1,6.062103435E-3,5.137415115E-1
1.040574650E1,-4.713035189E-3,-4.852105081E-1,7.698066533E-3,4.852944571E-1
1.041572150E1,-8.277677000E-3,-4.560318589E-1,6.204831414E-3,4.561491820E-1
1.042569650E1,-6.281808484E-3,-4.295727015E-1,6.830126978E-3,4.296729193E-1
1.043567150E1,-1.090851799E-2,-3.994012177E-1,7.467953488E-3,3.996199429E-1
1.044564650E1,-1.096002758E-2,-3.696566522E-1,7.399946451E-3,3.698931223E-1
1.045562150E1,-8.906730451E-3,-3.423326313E-1,7.287295535E-3,3.425260063E-1
1.046559650E1,-1.032508072E-2,-3.163999319E-1,9.035045281E-3,3.166972628E-1
1.047557150E1,-7.741281763E-3,-2.890471220E-1,9.298965335E-3,2.893002540E-1
1.048554650E1,-8.235937916E-3,-2.635194957E-1,6.287226453E-3,2.637231209E-1
1.049552150E1,-6.556015462E-3,-2.297583371E-1,8.975953795E-3,2.300270475E-1
1.050549650E1,-4.057331011E-3,-2.015146315E-1,7.633689791E-3,2.016999798E-1
1.051547150E1,-7.217216771E-4,-1.675553322E-1,8.032364771E-3,1.677493043E-1
1.052544650E1,-1.871613786E-3,-1.315692365E-1,5.478573032E-3,1.316965516E-1
1.053542150E1,5.718128756E-3,-9.593827277E-2,7.629342377E-3,9.641087099E-2
1.054539550E1,3.612040542E-3,-5.582560599E-2,4.877584986E-3,5.615457200E-2
1.055537050E1,2.203227952E-3,-1.764067076E-2,3.685020842E-3,1.815562879E-2
1.056534550E1,7.287277840E-3,2.654493228E-2,-6.226166151E-4,2.753407887E-2
1.057532050E1,5.338110961E-3,6.633042544E-2,1.643201336E-3,6.656516265E-2
1.058529550E1,9.231903590E-3,1.035095826E-1,-4.983600229E-4,1.039216536E-1
1.059527050E1,8.963723667E-3,1.417216808E-1,-3.760998137E-3,1.420546664E-1
1.060524550E1,8.341000415E-3,1.746473759E-1,-3.552228678E-3,1.748825221E-1
1.061522050E1,6.043224595E-3,2.098256052E-1,-4.676083103E-3,2.099646896E-1
1.062519550E1,7.057729177E-3,2.431088239E-1,-2.923475113E-3,2.432288192E-1
1.063517050E1,2.977234311E-3,2.707220614E-1,-2.746374812E-3,2.707523611E-1
1.064514550E1,1.226300839E-3,3.006864786E-1,-4.465992097E-3,3.007221431E-1
1.065512050E1,4.395196214E-3,3.243691623E-1,-2.747720573E-3,3.244105750E-1
1.066509550E1,-1.899546362E-3,3.507484794E-1,-1.010260079E-3,3.507550779E-1
1.067507050E1,-1.562619582E-5,3.757552803E-1,-3.169551026E-3,3.757686482E-1
1.068504550E1,-7.919496857E-3,4.000653327E-1,-1.439351123E-3,4.001462989E-1
1.069502050E1,-3.482403699E-3,4.241440296E-1,-4.848996177E-3,4.241860414E-1
1.070499550E1,-8.838207461E-3,4.501630664E-1,-3.475198057E-3,4.502632311E-1
1.071497050E1,-8.617430925E-3,4.766908288E-1,-4.474949092E-3,4.767897142E-1
1.072494550E1,-7.216011174E-3,5.029944181E-1,-8.091220632E-3,5.031112435E-1
1.073492050E1,-8.420559578E-3,5.332553387E-1,-8.248614147E-3,5.333856032E-1
1.074489550E1,-7.087680977E-3,5.572174191E-1,-8.683052845E-3,5.573301381E-1
1.075487050E1,-6.608045660E-3,5.780074000E-1,-1.100293174E-2,5.781498813E-1
1.076484550E1,-5.150216632E-3,5.981064439E-1,-1.437038649E-2,5.983012209E-1
1.077482050E1,-3.819967387E-3,6.142348051E-1,-1.607853919E-2,6.144570834E-1
1.078479550E1,-2.152623143E-3,6.260591149E-1,-1.751602814E-2,6.263078001E-1
1.079477050E1,2.175013768E-3,6.326445937E-1,-1.681375131E-2,6.328717207E-1
1.080474550E1,3.076915862E-3,6.364105344E-1,-1.689800620E-2,6.366422687E-1
1.081472050E1,5.102516152E-3,6.385365129E-1,-1.669507474E-2,6.387751087E-1
1.082469550E1,3.947880119E-3,6.358023286E-1,-1.328772586E-2,6.359534185E-1
1.083466950E1,7.103193551E-3,6.387847662E-1,-1.282273792E-2,6.389529368E-1
1.084464450E1,9.625050239E-3,6.338911653E-1,-1.015468314E-2,6.340455572E-1
1.085461950E1,8.865251206E-3,6.342999935E-1,-8.259044960E-3,6.344157046E-1
1.086459450E1,8.490277454E-3,6.329545379E-1,-6.950633600E-3,6.330496372E-1
1.087456950E1,8.859125897E-3,6.343846917E-1,-7.750114426E-3,6.344938813E-1
1.088454450E1,1.178137865E-2,6.341061592E-1,-4.521638155E-3,6.342317142E-1
1.089451950E1,1.070546173E-2,6.316046715E-1,-3.188726027E-3,6.317034398E-1
1.090449450E1,9.202798828E-3,6.280500293E-1,-1.851267647E-3,6.281201780E-1
1.091446950E1,5.504201166E-3,6.195122004E-1,-5.795143079E-3,6.195637548E-1
1.092444450E1,6.654120050E-3,6.116657257E-1,-3.088114318E-3,6.117097136E-1
1.093441950E1,7.063182071E-3,5.992047787E-1,-2.379447222E-3,5.992511302E-1
1.094439450E1,2.676703967E-3,5.803199410E-1,-1.555087045E-3,5.803281977E-1
1.095436950E1,-5.103009753E-4,5.563091636E-1,-9.795776568E-4,5.563102601E-1
1.096434450E1,6.389820483E-4,5.349959731E-1,-1.206949353E-3,5.349977161E-1
1.097431950E1,-7.466606330E-4,5.088093877E-1,-9.723249823E-4,5.088108646E-1
1.098429450E1,-3.046067897E-3,4.819069505E-1,-2.817973029E-3,4.819248161E-1
1.099426950E1,-6.177945063E-3,4.531884789E-1,-4.030510318E-3,4.532485074E-1
1.100424450E1,-7.701007184E-3,4.237688184E-1,-3.337022848E-3,4.238519230E-1
1.101421950E1,-5.613088608E-3,3.988541365E-1,-2.128214110E-3,3.988993084E-1
1.102419450E1,-4.980933852E-3,3.669689894E-1,-2.578959800E-3,3.670118525E-1
1.103416950E1,-1.970763085E-3,3.434013426E-1,-1.870559063E-3,3.434120921E-1
1.104414450E1,-4.392907955E-3,3.181258142E-1,3.946013749E-5,3.181561454E-1
1.105411950E1,-9.523703484E-4,2.962769568E-1,-1.107030548E-3,2.962805556E-1
1.106409450E1,-4.302349407E-4,2.655642927E-1,1.317414455E-3,2.655679089E-1
1.107406950E1,2.197506372E-3,2.391180545E-1,-2.067126334E-4,2.391282412E-1
1.108404450E1,3.846615320E-3,2.107223123E-1,2.877100371E-3,2.107770554E-1
1.109401950E1,4.827723838E-3,1.782850176E-1,2.772171982E-3,1.783719130E-1
1.110399450E1,7.813146338E-3,1.472845674E-1,4.418235272E-3,1.475578186E-1
1.111396950E1,7.699695881E-3,1.093965769E-1,6.017995998E-3,1.098322021E-1
1.112394450E1,6.895638071E-3,7.031693310E-2,6.471077912E-3,7.094995246E-2
1.113391850E1,7.209625095E-3,2.932688594E-2,8.533163927E-3,3.138247631E-2
1.114389350E1,3.281789366E-3,-1.106487773E-2,8.638541214E-3,1.441617338E-2
1.115386850E1,-3.117791563E-2,2.518420666E-2,5.513706431E-2,6.816452559E-2
1.116384350E1,-4.138391316E-1,6.525905728E-1,4.053620994E-1,8.726142987E-1
1.117381850E1,-6.892166138E-1,1.452299237E0,6.520919800E-1,1.734767006E0
1.118379350E1,-8.995917439E-1,2.568074465E0,9.306160212E-1,2.875816048E0
1.119376850E1,-1.024293184E0,3.209655046E0,1.023002625E0,3.521022070E0
1.120374350E1,-1.073407888E0,3.177919149E0,9.270563722E-1,3.480058639E0
1.121371850E1,-1.108118653E0,2.721407175E0,8.050244451E-1,3.046645421E0
1.122369350E1,-1.159044981E0,2.164176702E0,6.874697804E-1,2.549443227E0
1.123366850E1,-1.288340688E0,1.775251746E0,5.251210928E-1,2.255458413E0
1.124364350E1,-1.476056814E0,1.518453479E0,3.326297700E-1,2.143615462E0
1.125361850E1,-1.626295805E0,1.283497930E0,1.282486767E-1,2.075729439E0
1.126359350E1,-1.695454836E0,1.097439289E0,-4.897556826E-2,2.020232338E0
1.127356850E1,-1.690137029E0,9.315509796E-1,-1.755793095E-1,1.937828294E0
1.128354350E1,-1.546236753E0,8.735547066E-1,-2.905612886E-1,1.799547661E0
1.129351850E1,-1.296227455E0,9.685629606E-1,-3.933710158E-1,1.665250906E0
1.130349350E1,-9.970165491E-1,1.173297882E0,-4.848966897E-1,1.614247416E0
1.131346850E1,-7.071570158E-1,1.435511112E0,-6.075033545E-1,1.711672727E0
1.132344008E1,-4.503145516E-1,1.592726946E0,-7.137855887E-1,1.802512742E0
1.133341508E1,-2.351889312E-1,1.674074888E0,-7.456125021E-1,1.847641353E0
1.134339008E1,-6.814693660E-2,1.809115410E0,-6.999491453E-1,1.940997521E0
1.135336508E1,2.577423491E-2,2.034572363E0,-6.248181462E-1,2.128508099E0
1.136334008E1,3.333273157E-2,2.354151249E0,-6.012278795E-1,2.429941180E0
1.137331508E1,-5.654096603E-2,2.611079216E0,-6.465522647E-1,2.690531803E0
1.138329008E1,-1.990960985E-1,2.772153854E0,-7.118153572E-1,2.868999364E0
1.139326508E1,-3.613577187E-1,2.849302769E0,-7.697162032E-1,2.973477544E0
1.140324008E1,-5.506168604E-1,2.867053986E0,-8.042618036E-1,3.028203185E0
1.141321508E1,-7.614569068E-1,2.833920717E0,-8.035038710E-1,3.042456528E0
1.142319008E1,-9.606823921E-1,2.883029699E0,-7.986677885E-1,3.142075929E0
1.143316508E1,-1.098268986E0,2.960104465E0,-8.103681207E-1,3.259618030E0
1.144313908E1,-1.136561990E0,3.040277243E0,-8.497270346E-1,3.355159445E0
1.145311408E1,-1.119001627E0,3.102097511E0,-8.827574253E-1,3.413859148E0
1.146308908E1,-1.110498667E0,3.126883268E0,-8.989037871E-1,3.437824062E0
1.147306408E1,-1.152972579E0,3.062984228E0,-9.227939248E-1,3.400406855E0
1.148303908E1,-1.265994191E0,2.836324215E0,-9.423738122E-1,3.245850389E0
1.149301408E1,-1.437109232E0,2.435925484E0,-9.293578863E-1,2.977032413E0
1.150298908E1,-1.586091518E0,2.152003050E0,-8.927751780E-1,2.818483803E0
1.151296408E1,-1.678402305E0,2.047883987E0,-8.251913786E-1,2.773410163E0
1.152293908E1,-1.703581929E0,2.039580345E0,-7.146448493E-1,2.751871479E0
1.153291408E1,-1.635692954E0,2.066398382E0,-5.599439144E-1,2.694258878E0
1.154288908E1,-1.421395063E0,2.097750187E0,-4.359452128E-1,2.571180274E0
1.155286408E1,-1.121684790E0,2.108334303E0,-3.622664809E-1,2.415468340E0
1.156283908E1,-7.772964835E-1,1.939981818E0,-2.755592167E-1,2.107997192E0
1.157281408E1,-4.116373062E-1,1.610416174E0,-1.963251233E-1,1.673747018E0
1.158278908E1,-5.681416392E-2,1.366636634E0,-1.480886936E-1,1.375810234E0
1.159276408E1,2.859652936E-1,1.187804818E0,-1.039880812E-1,1.226160657E0
1.160273908E1,6.391166449E-1,1.148611665E0,-8.047776669E-2,1.316911354E0
1.161271408E1,9.807698727E-1,1.236213923E0,-9.030509740E-2,1.580597803E0
1.162268908E1,1.286099553E0,1.419487834E0,-1.170276850E-1,1.919034458E0
1.163266408E1,1.518803716E0,1.636782885E0,-1.336338222E-1,2.236890909E0
1.164263908E1,1.657713056E0,1.734296918E0,-1.256397516E-1,2.402412063E0
1.165261408E1,1.698507309E0,1.603065968E0,-1.001170799E-1,2.337684967E0
1.166258908E1,1.681639433E0,1.198073387E0,-6.780266017E-2,2.065886789E0
1.167256408E1,1.682096601E0,7.726660371E-1,-2.905420028E-2,1.851298443E0
1.168253908E1,1.701668143E0,3.477710485E-1,2.237549052E-2,1.736985848E0
1.169251408E1,1.710697293E0,-1.260202080E-1,1.008993313E-1,1.718297703E0
1.170248908E1,1.748413563E0,-4.755449593E-1,1.761331409E-1,1.820471334E0
1.171246408E1,1.834441900E0,-6.880955696E-1,2.299508303E-1,1.972696120E0
1.172243908E1,1.964274645E0,-8.671898246E-1,2.798843980E-1,2.165347166E0
1.173241408E1,2.037100554E0,-1.048429370E0,3.300703168E-1,2.314720118E0
1.174238908E1,2.081698895E0,-1.241948605E0,2.957820296E-1,2.442006067E0
1.175236408E1,2.019014597E0,-1.403396606E0,2.408415526E-1,2.470616650E0
1.176233808E1,1.901963353E0,-1.497902036E0,1.567694992E-1,2.426056838E0
1.177231308E1,1.801969171E0,-1.377999902E0,1.110470016E-2,2.268501694E0
1.178228808E1,1.698291659E0,-1.259677410E0,-1.366964281E-1,2.118883586E0
1.179226308E1,1.628815174E0,-1.150504231E0,-2.897850573E-1,2.015111470E0
1.180223808E1,1.589977503E0,-1.106130242E0,-4.147484303E-1,1.980800049E0
1.181221308E1,1.546100855E0,-1.162548542E0,-4.999088645E-1,1.997962922E0
1.182218808E1,1.443155646E0,-1.210940123E0,-5.299166441E-1,1.957009415E0
1.183216308E1,1.254104733E0,-1.233425379E0,-5.180227160E-1,1.833702370E0
1.184213808E1,1.013356924E0,-1.142893434E0,-5.128946304E-1,1.611259929E0
1.185211308E1,7.658851147E-1,-1.052838445E0,-4.650334120E-1,1.382499502E0
1.186208808E1,5.434397459E-1,-9.862313271E-1,-4.073412120E-1,1.197458079E0
1.187206308E1,3.805938363E-1,-8.327994347E-1,-3.975748718E-1,9.982346143E-1
1.188203808E1,2.636526823E-1,-7.949193716E-1,-4.123867452E-1,9.335268458E-1
1.189201308E1,2.123809755E-1,-8.101220131E-1,-4.472400844E-1,9.494351205E-1
1.190198808E1,2.477477938E-1,-7.993706465E-1,-5.141221285E-1,9.821883540E-1
1.191196308E1,3.221887350E-1,-9.199969172E-1,-5.366955996E-1,1.112763261E0
1.192193808E1,4.032962620E-1,-1.138139844E0,-5.170210600E-1,1.313514734E0
1.193191308E1,4.764328003E-1,-1.329881549E0,-4.593591094E-1,1.485457485E0
1.194188808E1,4.951636493E-1,-1.460704207E0,-3.566374481E-1,1.583045827E0
1.195186308E1,4.273459911E-1,-1.469177008E0,-2.219414115E-1,1.546080097E0
1.196183808E1,3.089076877E-1,-1.312045336E0,-1.278194934E-1,1.353966301E0
1.197181308E1,1.284598857E-1,-1.212286830E0,-2.147547528E-2,1.219263096E0
1.198178808E1,-5.361498520E-2,-1.126899719E0,3.138036653E-2,1.128610770E0
1.199176308E1,-1.632906199E-1,-9.976147413E-1,-6.963827647E-3,1.010914187E0
1.200173808E1,-2.654820979E-1,-1.005002856E0,-1.503181644E-2,1.039585225E0
1.201171308E1,-3.569031060E-1,-9.846026897E-1,8.587225340E-3,1.047328040E0
1.202168808E1,-3.793340325E-1,-8.059991598E-1,4.333694465E-3,8.908129628E-1
1.203166308E1,-3.972965479E-1,-6.722238064E-1,-1.449858211E-2,7.809863006E-1
1.204163808E1,-3.987971842E-1,-6.136338115E-1,-4.646591842E-2,7.333108006E-1
1.205161308E1,-3.979910612E-1,-5.482798815E-1,-7.632501423E-2,6.817867856E-1
1.206158808E1,-3.928301334E-1,-4.957816601E-1,-6.094411016E-2,6.354755328E-1
1.207156308E1,-3.680462241E-1,-4.465978742E-1,-3.159900755E-2,5.795741381E-1
1.208153708E1,-3.297090530E-1,-4.391952753E-1,-2.287302911E-2,5.496578254E-1
1.209151208E1,-2.748069167E-1,-4.323783815E-1,-7.091965526E-2,5.172035419E-1
1.210148708E1,-2.148038596E-1,-4.109373093E-1,-1.398161799E-1,4.843126412E-1
1.211146208E1,-1.628264189E-1,-4.067649245E-1,-2.028542608E-1,4.828250176E-1
1.212143708E1,-1.057299897E-1,-3.700936437E-1,-2.552652955E-1,4.618533392E-1
1.213141208E1,-3.712696210E-2,-3.352256715E-1,-2.759426236E-1,4.357740168E-1
1.214138708E1,2.503513545E-2,-3.679112196E-1,-2.534298599E-1,4.474506871E-1
1.215136208E1,8.410777152E-2,-4.226436913E-1,-2.303415984E-1,4.886297770E-1
1.216133708E1,1.275446266E-1,-4.598425031E-1,-2.160764784E-1,5.238433009E-1
1.217131208E1,1.257997304E-1,-4.897303581E-1,-1.989070773E-1,5.433465020E-1
1.218128708E1,8.850834519E-2,-5.178125501E-1,-1.836809665E-1,5.565089951E-1
1.219126208E1,6.347835809E-2,-5.658754110E-1,-1.582022309E-1,5.909927484E-1
1.220123708E1,5.980657041E-2,-5.892743468E-1,-1.298430115E-1,6.063664645E-1
1.221121208E1,6.113176048E-2,-5.485311747E-1,-1.064221188E-1,5.620935946E-1
1.222118708E1,5.811922252E-2,-4.869575500E-1,-7.501059026E-2,4.961170106E-1
1.223116208E1,7.074633241E-2,-4.451118410E-1,-3.352892399E-2,4.519444471E-1
1.224113708E1,1.057525501E-1,-4.610299468E-1,2.342368662E-2,4.735830263E-1
1.225111208E1,1.447705328E-1,-4.903942347E-1,8.512966335E-2,5.183551602E-1
1.226108708E1,1.703169644E-1,-5.003043413E-1,1.243580580E-1,5.429339084E-1
1.227106208E1,1.875105947E-1,-4.975527525E-1,1.186450422E-1,5.447895104E-1
1.228103708E1,1.598700732E-1,-4.728035927E-1,6.440097839E-2,5.032386746E-1
1.229101208E1,-7.527238876E-2,-3.541238010E-1,-6.078169867E-2,3.671021845E-1
1.230098708E1,-2.523210347E-1,-1.296778470E-1,-1.978363693E-1,3.458633799E-1
1.231096208E1,-2.539356947E-1,3.360268846E-2,-2.283215821E-1,3.431373232E-1
1.232093713E1,-2.059984058E-1,9.815665334E-2,-1.808745861E-1,2.911798202E-1
1.233091213E1,-1.602738053E-1,1.846031249E-1,-1.093604565E-1,2.678165712E-1
1.234088712E1,-5.370708555E-2,2.353989780E-1,-2.636386082E-3,2.414623789E-1
1.235086213E1,9.802412242E-2,2.075210065E-1,1.378765255E-1,2.677379932E-1
1.236083713E1,2.114706933E-1,1.690174341E-1,2.369751632E-1,3.597832336E-1
1.237081213E1,2.874432206E-1,1.230504885E-1,2.778134048E-1,4.182646479E-1
1.238078713E1,3.355792761E-1,4.073230922E-2,2.673382163E-1,4.309782981E-1
1.239076212E1,3.181984127E-1,-5.108469725E-2,2.199014425E-1,3.901493567E-1
1.240073713E1,2.168805599E-1,-8.270101994E-2,1.266234666E-1,2.644052539E-1
1.241071113E1,6.876672804E-2,-8.065405302E-3,-1.065075770E-2,7.005249666E-2
1.242068612E1,-7.213842869E-2,7.447738945E-2,-1.322373152E-1,1.680402986E-1
1.243066113E1,-2.021670043E-1,2.011908591E-1,-1.565666199E-1,3.253649733E-1
1.244063613E1,-3.223077357E-1,3.885858059E-1,-1.111327931E-1,5.169445838E-1
1.245061113E1,-4.278429449E-1,5.962021351E-1,-1.803107932E-2,7.340515589E-1
1.246058613E1,-4.947438836E-1,7.934877872E-1,8.739821613E-2,9.391660274E-1
1.247056112E1,-4.876779914E-1,9.046558142E-1,1.658077985E-1,1.041020745E0
1.248053613E1,-4.550128281E-1,9.065902233E-1,2.381821424E-1,1.041956448E0
1.249051113E1,-4.335709214E-1,8.697320819E-1,2.605556250E-1,1.006134619E0
1.250048613E1,-4.117086232E-1,8.158267140E-1,2.370778918E-1,9.440779335E-1
1.251046112E1,-3.773652911E-1,6.914035678E-1,1.941219121E-1,8.112501299E-1
1.252043613E1,-3.331871331E-1,5.297521949E-1,1.590040922E-1,6.457037672E-1
1.253041113E1,-2.727831602E-1,3.799645603E-1,1.107284352E-1,4.806708915E-1
1.254038613E1,-2.019014657E-1,2.342315316E-1,4.312183708E-2,3.122308522E-1
1.255036113E1,-1.243177280E-1,1.050977781E-1,-8.668922819E-3,1.630202156E-1
1.256033612E1,-4.977760464E-2,9.820813313E-3,-1.848949865E-2,5.400110978E-2
1.257031113E1,2.256833715E-3,-3.844631836E-2,-1.287981495E-2,4.060914093E-2
1.258028613E1,7.781386375E-3,-4.049248993E-2,-9.164561518E-3,4.223956561E-2
1.259026113E1,-4.353307188E-3,-2.141546644E-2,6.318790838E-3,2.274863961E-2
1.260023612E1,-1.088179555E-2,3.117405344E-3,2.974304557E-2,3.182421170E-2
1.261021113E1,-1.153000910E-2,-3.939172253E-3,7.322074473E-2,7.422759357E-2
1.262018613E1,-1.100555249E-2,-2.367777564E-2,1.024344265E-1,1.057098434E-1
1.263016113E1,3.292160574E-3,-6.315514445E-2,9.215382487E-2,1.117664441E-1
1.264013613E1,3.882836550E-2,-1.235941052E-1,7.469246536E-2,1.495396576E-1
1.265011112E1,6.534652412E-2,-1.834414452E-1,2.608737722E-2,1.964726019E-1
1.266008613E1,9.685526043E-2,-2.241990417E-1,-3.981426358E-2,2.474496461E-1
1.267006113E1,1.275735050E-1,-2.627459168E-1,-9.566047788E-2,3.073456410E-1
1.268003613E1,1.530297846E-1,-2.955153584E-1,-1.378276795E-1,3.601998213E-1
1.269001112E1,1.518846303E-1,-3.162403405E-1,-1.631620675E-1,3.869092324E-1
1.269998613E1,1.342549622E-1,-2.915869653E-1,-1.837680191E-1,3.698892240E-1
1.270996113E1,1.033503041E-1,-2.227003127E-1,-2.011989504E-1,3.174235850E-1
1.271993613E1,7.445491105E-2,-1.333449781E-1,-2.004420757E-1,2.519949259E-1
1.272991113E1,6.112712622E-2,-2.030524611E-2,-1.749694645E-1,1.864487654E-1
1.273988612E1,4.308183491E-2,8.856040239E-2,-1.357042491E-1,1.676741859E-1
1.274986113E1,1.991766319E-2,1.642964333E-1,-8.809624612E-2,1.874859459E-1
1.275983513E1,1.197129581E-2,1.996103376E-1,-3.427067026E-2,2.028843948E-1
1.276981113E1,7.010092959E-3,1.700958610E-1,2.323256806E-2,1.718182049E-1
1.277978513E1,2.546053380E-2,9.255166352E-2,7.291188836E-2,1.205412488E-1
1.278976013E1,4.787795991E-2,-2.663731389E-2,9.784493595E-2,1.121404344E-1
1.279973513E1,5.786681920E-2,-1.339450479E-1,8.498537540E-2,1.688560293E-1
1.280971013E1,5.907323211E-2,-2.145117968E-1,4.034867138E-2,2.261260114E-1
1.281968512E1,6.906938553E-2,-2.931786180E-1,-1.345462352E-2,3.015050728E-1
1.282966013E1,9.262691438E-2,-3.612562120E-1,-4.987787828E-2,3.762626725E-1
1.283963513E1,1.195504218E-1,-4.078436196E-1,-7.322353870E-2,4.312660525E-1
1.284961013E1,1.509147286E-1,-4.603390396E-1,-8.779102564E-2,4.923358111E-1
1.285958512E1,1.677770764E-1,-4.964905679E-1,-1.036070511E-1,5.342157358E-1
1.286956013E1,1.709773988E-1,-5.021793842E-1,-1.258282065E-1,5.452065135E-1
1.287953513E1,1.758046895E-1,-4.822908044E-1,-1.598682404E-1,5.376518977E-1
1.288951013E1,1.139764711E-1,-4.423274100E-1,-2.002018243E-1,4.987233141E-1
1.289948513E1,-1.760808975E-1,-2.041781396E-1,-2.795374095E-1,3.883739930E-1
1.290946012E1,-2.461095154E-1,7.660266012E-2,-3.012704253E-1,3.964867341E-1
1.291943513E1,-8.610130847E-2,1.022528633E-1,-1.863228828E-1,2.293148491E-1
1.292941013E1,5.307016522E-2,-1.198689453E-2,-5.127052590E-2,7.475824304E-2
1.293938513E1,6.709686667E-2,2.597231790E-2,3.762018308E-2,8.119007937E-2
1.294936012E1,9.001389891E-2,4.267140478E-2,1.147280186E-1,1.519403470E-1
1.295933513E1,1.326284111E-1,-1.579000987E-2,1.753153801E-1,2.203976006E-1
1.296931013E1,1.786640882E-1,-6.838957220E-2,2.053404003E-1,2.806468778E-1
1.297928513E1,2.414742708E-1,-3.954926506E-2,2.095433325E-1,3.221527216E-1